timestamp,bitcoin,ethereum,binancecoin
2024-11-21 12:11:46.036,,3175.5855623455077,
2024-11-21 12:12:17.870,98073.78757614846,,
2024-11-21 13:14:20.285,97477.75806491218,,
2024-11-21 13:14:26.282,,3318.796213962739,
2024-11-21 13:14:28.808,,,620.7225303899784
2024-11-21 14:08:28.742,,,623.9436582807668
2024-11-21 14:10:47.004,,3348.164847392486,
2024-11-21 14:10:52.914,97341.35546009081,,
2024-11-21 15:01:51.734,,,622.9632758805301
2024-11-21 15:10:31.484,96834.4357611275,,
2024-11-21 15:10:54.038,,3324.7848909073414,
2024-11-21 16:03:20.764,,,617.9311419803834
2024-11-21 16:04:43.699,96787.87259875108,,
2024-11-21 16:04:44.351,,3284.3068648838466,
2024-11-21 17:04:21.149,97187.33504022115,,
2024-11-21 17:08:20.839,,3321.63618753281,
2024-11-21 17:09:45.868,,,618.9152989241486
2024-11-21 18:04:12.866,,,621.3366271454682
2024-11-21 18:07:24.469,,3358.425266092113,
2024-11-21 18:07:53.516,98015.30989000655,,
2024-11-21 19:09:24.264,98399.7881735672,,
2024-11-21 19:10:47.943,,3379.3395359519536,
2024-11-21 19:13:35.018,,,623.9501663628165
2024-11-21 20:04:26.697,,,622.3185601697063
2024-11-21 20:07:38.771,98219.53058108511,,
2024-11-21 20:08:55.220,,3356.4004390551577,
2024-11-21 21:09:40.255,,,621.1457986025338
2024-11-21 21:09:52.999,,3346.6526014847404,
2024-11-21 21:13:20.908,98092.53289064155,,
2024-11-21 22:03:04.155,,3349.4090321076733,
2024-11-21 22:03:56.089,98052.31813948065,,
2024-11-21 22:04:42.299,,,622.5154603669263
2024-11-21 23:04:28.459,98441.26161000447,,
2024-11-21 23:05:25.310,,3375.1579478271788,
2024-11-21 23:12:05.117,,,624.3299680698357
2024-11-22 00:01:18.895,,3360.4659609051787,
2024-11-22 00:11:40.440,,,623.8670188549736
2024-11-22 00:14:50.890,98529.80211326091,,
2024-11-22 01:13:33.205,,3322.744013148632,
2024-11-22 01:13:36.359,98187.91803696626,,
2024-11-22 01:14:10.494,,,629.7458143450917
2024-11-22 02:00:37.556,,3324.9302059248002,
2024-11-22 02:00:45.932,98151.64835062402,,
2024-11-22 02:13:11.560,,,633.9245285019595
2024-11-22 03:01:35.097,,,635.0525031197004
2024-11-22 03:14:09.751,98742.66590546833,,
2024-11-22 03:14:11.336,,3333.311495860629,
2024-11-22 04:01:45.050,98928.70808296709,,
2024-11-22 04:12:41.415,,3369.7234143784676,
2024-11-22 04:13:23.016,,,636.1588704386435
2024-11-22 05:05:33.989,98867.36644965629,,
2024-11-22 05:06:03.063,,3395.772233529889,
2024-11-22 05:14:29.332,,,635.6100422672338
2024-11-22 06:09:56.316,,,633.1613747093434
2024-11-22 06:10:35.765,,3384.401104517742,
2024-11-22 06:10:41.947,98949.36085023009,,
2024-11-22 07:02:51.949,99087.35895730593,,
2024-11-22 07:04:07.173,,3374.6524396968216,
2024-11-22 07:13:12.144,,,629.745115330868
2024-11-22 08:02:31.669,99244.24438803681,,
2024-11-22 08:02:52.994,,3368.00069250108,
2024-11-22 08:13:59.406,,,629.036608469816
2024-11-22 09:01:27.658,,3375.2354164033445,
2024-11-22 09:01:42.554,98907.8290117248,,
2024-11-22 09:07:17.445,,,629.1312678177687
2024-11-22 10:00:21.775,,3364.9846937235025,
2024-11-22 10:02:21.261,98797.0488237581,,
2024-11-22 10:08:51.829,,,629.8599240124186
2024-11-22 11:08:26.201,,,623.7464537250614
2024-11-22 11:12:03.436,98621.02826780382,,
2024-11-22 11:12:31.091,,3332.4660246799986,
2024-11-22 12:02:19.523,,,625.5759187194614
2024-11-22 12:03:31.068,98957.45944900438,,
2024-11-22 12:03:34.880,,3346.982363603709,
2024-11-22 13:09:10.060,,,626.7364833968403
2024-11-22 13:09:32.873,,3346.5455196347625,
2024-11-22 13:09:53.686,98685.78821463924,,
2024-11-22 14:04:40.116,97871.01435703253,,
2024-11-22 14:05:08.616,,,620.8459509271802
2024-11-22 14:05:18.393,,3293.7397622031604,
2024-11-22 15:07:53.762,,3290.121592279032,
2024-11-22 15:08:09.319,,,618.9775740705974
2024-11-22 15:08:24.143,97393.85345172636,,
2024-11-22 16:05:26.565,,,624.5255345554941
2024-11-22 16:12:42.282,,3303.729838125895,
2024-11-22 16:12:43.543,98436.20344002808,,
2024-11-22 17:01:15.189,,3316.737427865859,
2024-11-22 17:01:36.239,99036.38730170106,,
2024-11-22 17:10:26.547,,,625.5906003755871
2024-11-22 18:01:24.149,,,623.6343162828931
2024-11-22 18:11:24.564,,3301.6164249597405,
2024-11-22 18:11:39.881,99137.77149298869,,
2024-11-22 19:00:13.689,,3285.378336246834,
2024-11-22 19:17:16.911,,,622.220775522104
2024-11-22 19:17:25.191,99366.40761088874,,
2024-11-22 20:00:50.360,99531.18012036204,,
2024-11-22 20:00:51.537,,3284.252275149774,
2024-11-22 20:13:45.571,,,622.6956061790193
2024-11-22 21:00:48.528,99334.42990748059,,
2024-11-22 21:08:19.338,,,625.1340076378469
2024-11-22 21:10:51.678,,3293.191852506751,
2024-11-22 22:05:55.014,99418.67011453414,,
2024-11-22 22:07:28.423,,3313.845423218429,
2024-11-22 22:10:39.023,,,628.9632491404444
2024-11-22 23:12:23.240,98853.46617956243,,
2024-11-22 23:13:13.936,,,629.2883647726068
2024-11-22 23:13:24.885,,3314.5929003581064,
2024-11-23 00:07:23.451,,3326.870801955107,
2024-11-23 00:07:52.154,,,633.2682262024805
2024-11-23 00:08:32.775,98907.79325258995,,
2024-11-23 01:04:58.281,98721.12064236584,,
2024-11-23 01:06:30.673,,3355.8115586383647,
2024-11-23 01:14:10.829,,,637.2012842092988
2024-11-23 02:09:06.364,,,646.2216811578468
2024-11-23 02:12:59.054,98545.74682604708,,
2024-11-23 02:13:05.954,,3343.973561362051,
2024-11-23 03:03:56.078,,,640.5545195358202
2024-11-23 03:04:57.382,98610.3477536692,,
2024-11-23 03:05:04.759,,3330.467474053841,
2024-11-23 04:11:43.469,,3346.168115529849,
2024-11-23 04:12:34.735,,,645.0440215675227
2024-11-23 04:13:37.390,98720.12576397,,
2024-11-23 05:09:11.501,,3357.555902300609,
2024-11-23 05:09:30.670,,,649.0893653546906
2024-11-23 05:11:41.530,98479.71802325314,,
2024-11-23 06:11:29.888,,,649.8081075578463
2024-11-23 06:14:42.121,,3351.6440090020988,
2024-11-23 06:14:44.620,98803.60701519938,,
2024-11-23 07:05:44.829,98827.5462630559,,
2024-11-23 07:05:47.227,,,650.3309052814371
2024-11-23 07:06:26.399,,3348.196120183424,
2024-11-23 08:03:36.512,98688.35022303325,,
2024-11-23 08:08:07.620,,,666.4401418469876
2024-11-23 08:09:36.950,,3345.4071097480687,
2024-11-23 09:01:24.202,,,671.0551679842745
2024-11-23 09:01:45.820,98562.42427541426,,
2024-11-23 09:12:22.835,,3371.0343916092847,
2024-11-23 10:11:21.098,98567.61071655307,,
2024-11-23 10:13:41.392,,3364.781973738918,
2024-11-23 10:13:54.360,,,665.5974442899652
2024-11-23 11:06:07.167,,,663.8304429801713
2024-11-23 11:13:31.209,98627.69963826089,,
2024-11-23 11:13:53.069,,3358.0973526364432,
2024-11-23 12:08:27.108,,3357.305546823104,
2024-11-23 12:09:26.896,98573.42641332174,,
2024-11-23 12:09:32.015,,,663.3980032279843
2024-11-23 13:07:53.839,,3407.094179368865,
2024-11-23 13:10:51.632,98816.16419710916,,
2024-11-23 13:12:21.630,,,670.3510709031418
2024-11-23 14:03:39.741,98638.74802471796,,
2024-11-23 14:05:05.672,,,670.7831878443526
2024-11-23 14:05:53.486,,3439.4396685495467,
2024-11-23 15:08:02.270,98907.83827505098,,
2024-11-23 15:09:24.675,,,677.7731954498852
2024-11-23 15:10:24.003,,3481.1472762481935,
2024-11-23 16:01:09.601,98637.06301800392,,
2024-11-23 16:01:40.558,,,671.72613805328
2024-11-23 16:13:09.833,,3471.002592521104,
2024-11-23 17:02:45.517,,,659.4965402212985
2024-11-23 17:03:25.939,,3417.3837039150694,
2024-11-23 17:04:55.516,97887.14429180366,,
2024-11-23 18:00:21.361,97993.79314280888,,
2024-11-23 18:00:30.535,,,658.210447337132
2024-11-23 18:14:14.762,,3418.9673664262714,
2024-11-23 19:04:44.335,,3430.3899299266213,
2024-11-23 19:07:47.548,97959.65085898795,,
2024-11-23 19:14:55.776,,,658.6822562829302
2024-11-23 20:02:47.115,97627.80481379767,,
2024-11-23 20:15:19.147,,3406.0228852352307,
2024-11-23 20:15:21.297,,,652.5350626845147
2024-11-23 21:01:48.059,97828.71753790964,,
2024-11-23 21:05:51.839,,3407.193340944026,
2024-11-23 21:09:08.714,,,649.8211902111931
2024-11-23 22:00:57.521,,3429.0808428636187,
2024-11-23 22:01:29.880,,,656.5350668873858
2024-11-23 22:05:57.889,98078.20284165346,,
2024-11-23 23:00:39.484,97795.77021667767,,
2024-11-23 23:01:07.355,,3408.5927751846357,
2024-11-23 23:08:53.880,,,654.5054607662694
2024-11-24 00:11:35.313,,,652.3539112428083
2024-11-24 00:12:05.585,,3407.4549658266246,
2024-11-24 00:12:21.816,97903.58813942045,,
2024-11-24 01:01:27.881,,3422.8276806236913,
2024-11-24 01:02:11.257,98040.73700095096,,
2024-11-24 01:06:43.009,,,661.2399880099664
2024-11-24 02:01:54.198,,,661.6464826438206
2024-11-24 02:04:14.273,98292.35524999183,,
2024-11-24 02:04:34.070,,3434.9808104317576,
2024-11-24 03:01:11.070,98497.71417618614,,
2024-11-24 03:01:23.946,,3435.7794733915175,
2024-11-24 03:09:33.400,,,659.497571178529
2024-11-24 04:04:17.103,98293.90548790821,,
2024-11-24 04:08:48.135,,3429.4090698913865,
2024-11-24 04:09:52.554,,,659.4882550910604
2024-11-24 05:05:32.443,,,660.806216341404
2024-11-24 05:05:34.801,,3416.3798758800303,
2024-11-24 05:05:36.582,98300.80802932262,,
2024-11-24 06:03:22.213,,,665.3166596892472
2024-11-24 06:10:38.242,,3415.838973683861,
2024-11-24 06:10:46.669,98321.94620028995,,
2024-11-24 07:02:26.079,98473.08914761616,,
2024-11-24 07:02:41.951,,3429.6764779619207,
2024-11-24 07:11:49.270,,,669.4972793968452
2024-11-24 08:06:58.266,,3427.8305932715757,
2024-11-24 08:07:58.177,,,672.0135611548726
2024-11-24 08:08:14.166,98553.76752974809,,
2024-11-24 09:01:43.748,98207.04580972278,,
2024-11-24 09:02:09.660,,3402.761807467599,
2024-11-24 09:12:07.960,,,681.5697687650588
2024-11-24 10:01:43.277,98047.89454351828,,
2024-11-24 10:01:45.093,,3405.3409015625975,
2024-11-24 10:01:50.066,,,677.5239163612456
2024-11-24 11:03:11.390,,,668.7104479139962
2024-11-24 11:06:24.644,97865.55396535275,,
2024-11-24 11:07:13.954,,3382.6785314884596,
2024-11-24 12:05:37.180,,,652.8332059240108
2024-11-24 12:05:57.895,,3354.3307160258087,
2024-11-24 12:06:23.636,97446.22464625575,,
2024-11-24 13:00:41.873,,,644.5713321347203
2024-11-24 13:03:34.925,,3317.381857762563,
2024-11-24 13:04:27.313,96915.28655165159,,
2024-11-24 14:08:03.233,,,650.3778843461603
2024-11-24 14:11:45.254,,3308.34875025957,
2024-11-24 14:12:32.067,96981.5818480657,,
2024-11-24 15:04:56.735,,,650.8878086844351
2024-11-24 15:10:43.404,,3323.2774145311414,
2024-11-24 15:10:49.385,96965.73350831258,,
2024-11-24 16:01:33.148,,,643.1660984652227
2024-11-24 16:06:56.894,96121.8572199591,,
2024-11-24 16:07:01.563,,3305.6979733053186,
2024-11-24 17:02:59.699,,3319.5893393693136,
2024-11-24 17:10:44.907,96334.81781873644,,
2024-11-24 17:12:29.820,,,646.8670064786616
2024-11-24 18:04:38.331,,,647.1925427853263
2024-11-24 18:04:59.671,95903.66256158017,,
2024-11-24 18:05:38.112,,3309.171910614818,
2024-11-24 19:07:22.991,,3325.974736620244,
2024-11-24 19:08:28.268,96374.14974274626,,
2024-11-24 19:12:05.271,,,653.2386114956321
2024-11-24 20:09:14.610,,,651.1781090945989
2024-11-24 20:11:55.024,,3330.2387142919524,
2024-11-24 20:13:12.674,96341.4137878268,,
2024-11-24 21:05:23.172,,,657.4213183108358
2024-11-24 21:08:18.142,96846.36681720814,,
2024-11-24 21:08:23.541,,3340.8714617232013,
2024-11-24 22:06:42.640,,3348.8984109967696,
2024-11-24 22:06:47.596,97096.89702404664,,
2024-11-24 22:06:50.421,,,658.067327448652
2024-11-24 23:08:41.036,,,662.9279381469252
2024-11-24 23:08:48.604,98185.22555498003,,
2024-11-24 23:09:53.663,,3366.16871819021,
2024-11-25 00:05:31.661,,,661.3421260770938
2024-11-25 00:07:26.308,98025.77577156796,,
2024-11-25 00:08:14.703,,3368.6323533732234,
2024-11-25 01:00:47.874,,,661.058213427557
2024-11-25 01:01:19.732,97957.30958863487,,
2024-11-25 01:01:53.892,,3356.6814277078765,
2024-11-25 03:04:33.535,,,655.0396048455635
2024-11-25 03:06:14.969,97540.4200448884,,
2024-11-25 03:10:24.603,,3343.880610831676,
2024-11-25 04:03:26.396,97960.57363783635,,
2024-11-25 04:03:52.922,,3367.082497881655,
2024-11-25 04:05:59.878,,,659.4626572460226
2024-11-25 05:03:12.273,,3374.1381676637493,
2024-11-25 05:03:43.419,97936.55308901767,,
2024-11-25 05:06:35.806,,,660.4249004936349
2024-11-25 06:05:35.839,,,662.0565467693343
2024-11-25 06:13:17.085,,3390.841777698942,
2024-11-25 06:14:20.918,98341.69292713798,,
2024-11-25 07:02:37.157,,,658.2599460214622
2024-11-25 07:04:27.087,98186.0759936348,,
2024-11-25 07:06:03.123,,3385.3835332086055,
2024-11-25 08:07:50.820,,3408.221562249927,
2024-11-25 08:09:28.766,98094.82573459054,,
2024-11-25 08:12:16.678,,,662.724140738274
2024-11-25 09:08:16.722,,3419.794485776995,
2024-11-25 09:10:51.532,98376.20871947528,,
2024-11-25 09:14:03.181,,,672.7515333397768
2024-11-25 10:03:36.081,,3473.923340290609,
2024-11-25 10:03:53.173,98567.62400727392,,
2024-11-25 10:06:56.602,,,672.3172244694302
2024-11-25 11:14:03.320,98519.10798225815,,
2024-11-25 11:14:22.190,,3501.9829424608865,
2024-11-25 11:14:34.776,,,668.2010801543177
2024-11-25 12:11:54.619,,,664.6216587000789
2024-11-25 12:15:11.635,98228.50822336145,,
2024-11-25 12:16:20.117,,3478.7825658765605,
2024-11-25 13:10:04.489,,,665.4095214856472
2024-11-25 13:16:13.533,,3474.332467354044,
2024-11-25 13:16:26.321,97540.86969775405,,
2024-11-25 14:01:51.658,,,656.705334354272
2024-11-25 14:12:02.192,,3488.195735459422,
2024-11-25 14:12:31.008,97609.67708694986,,
2024-11-25 15:09:32.241,,3410.4457566941237,
2024-11-25 15:13:39.605,94997.23837022923,,
2024-11-25 15:17:20.753,,,636.4483330346411
2024-11-25 16:06:12.308,,,647.6138727034041
2024-11-25 16:08:26.874,96100.44894198941,,
2024-11-25 16:09:35.546,,3520.8872920249014,
2024-11-25 17:03:30.112,,,647.8230813523355
2024-11-25 17:05:49.728,95959.07345600906,,
2024-11-25 17:06:45.714,,3466.319585324234,
2024-11-25 18:16:46.210,,,646.9037490176569
2024-11-25 18:17:44.771,,3480.454015525765,
2024-11-25 18:17:52.000,95659.88581413838,,
2024-11-25 19:04:28.573,,3446.357551893258,
2024-11-25 19:05:42.530,95033.5526782929,,
2024-11-25 19:17:38.133,,,643.0148927068801
2024-11-25 20:08:36.470,,3463.450576939897,
2024-11-25 20:08:43.143,,,643.5699835283998
2024-11-25 20:09:18.801,94570.70404035949,,
2024-11-25 21:01:15.380,,3474.275386754663,
2024-11-25 21:01:26.063,94829.93056445321,,
2024-11-25 21:11:37.884,,,646.0525516873556
2024-11-25 22:06:43.781,,3424.6031851688836,
2024-11-25 22:09:14.605,93474.36970924771,,
2024-11-25 22:17:21.983,,,639.0262796885678
2024-11-25 23:11:02.410,,,637.2824483277649
2024-11-25 23:11:03.001,,3442.990425417335,
2024-11-25 23:11:57.147,94285.27104790804,,
2024-11-26 00:02:53.997,,,635.4096196761667
2024-11-26 00:07:28.333,92958.83651055662,,
2024-11-26 00:07:34.932,,3407.6322757178846,
2024-11-26 01:06:15.598,93962.56167000989,,
2024-11-26 01:07:39.129,,3432.4333798171106,
2024-11-26 01:11:13.184,,,641.3577188940764
2024-11-26 02:02:17.669,,3454.4049011644092,
2024-11-26 02:13:09.893,,,644.4547288049264
2024-11-26 02:13:47.088,94749.6371475018,,
2024-11-26 03:01:13.522,,,644.1634051346846
2024-11-26 03:04:20.670,,3446.5599928723004,
2024-11-26 03:05:31.565,94603.47578618444,,
2024-11-26 04:09:25.961,,,642.6066019516645
2024-11-26 04:09:33.092,,3437.2564631940313,
2024-11-26 04:09:54.110,94477.185285292,,
2024-11-26 05:07:11.823,,,641.88403117657
2024-11-26 05:09:07.096,94392.11640676353,,
2024-11-26 05:09:19.094,,3423.546779448051,
2024-11-26 06:09:49.762,,,644.6062861101913
2024-11-26 06:13:12.959,,3430.169852146569,
2024-11-26 06:13:34.851,94710.7745627786,,
2024-11-26 07:07:50.908,,,640.2088736927624
2024-11-26 07:08:29.436,94402.29090376447,,
2024-11-26 07:08:52.012,,3417.791236457158,
2024-11-26 08:00:30.520,,3392.526088313153,
2024-11-26 08:00:57.810,93877.62962253872,,
2024-11-26 08:03:51.406,,,638.9446471449361
2024-11-26 09:13:47.019,,,629.4198833074236
2024-11-26 09:14:04.693,93335.26212181491,,
2024-11-26 09:14:04.882,,3380.8152974671357,
2024-11-26 10:00:38.048,,,629.7565931929875
2024-11-26 10:01:50.032,,3362.961029248412,
2024-11-26 10:14:30.245,93301.72697676787,,
2024-11-26 11:09:09.189,,3305.779921858582,
2024-11-26 11:09:30.544,92016.0821640605,,
2024-11-26 11:09:35.399,,,617.6300459832486
2024-11-26 12:00:26.023,,,617.5965621216629
2024-11-26 12:01:47.595,,3325.001056994645,
2024-11-26 12:04:00.059,92312.30864955236,,
2024-11-26 13:00:37.903,,,617.4720138280817
2024-11-26 13:00:57.792,91830.9877008543,,
2024-11-26 13:00:57.944,,3302.3680798986975,
2024-11-26 14:07:42.603,,,609.9532530778113
2024-11-26 14:08:14.061,91909.6595139108,,
2024-11-26 14:08:23.051,,3299.162866755669,
2024-11-26 15:00:56.601,93508.27326596904,,
2024-11-26 15:15:58.317,,3347.2649236321345,
2024-11-26 15:16:40.023,,,618.0504243878955
2024-11-26 16:04:37.422,,3297.0804620349686,
2024-11-26 16:04:55.493,92896.65602512732,,
2024-11-26 16:10:32.609,,,614.8912371344088
2024-11-26 17:03:20.156,,,616.8786490014373
2024-11-26 17:08:52.686,93816.48423067528,,
2024-11-26 17:08:55.126,,3326.267518826369,
2024-11-26 18:03:57.011,,3326.644035195155,
2024-11-26 18:04:18.701,,,616.5272408086618
2024-11-26 18:15:31.563,93153.52006682314,,
2024-11-26 19:10:26.250,,3288.30717312049,
2024-11-26 19:10:28.221,,,605.8801973279136
2024-11-26 19:11:33.951,92457.07367896379,,
2024-11-26 20:09:39.139,,3298.1577063341524,
2024-11-26 20:10:28.445,,,609.2083333367508
2024-11-26 20:11:29.724,91948.7665271105,,
2024-11-26 21:00:51.438,,3312.3087511305007,
2024-11-26 21:04:08.423,90911.13567641751,,
2024-11-26 21:14:41.648,,,610.4894469652666
2024-11-26 22:02:26.127,91723.76190532198,,
2024-11-26 22:02:44.073,,3323.1429648583744,
2024-11-26 22:10:26.985,,,615.3512354406414
2024-11-26 23:02:09.980,91798.21404384292,,
2024-11-26 23:02:13.024,,,612.8743459423134
2024-11-26 23:02:24.828,,3317.8047364144395,
2024-11-27 00:01:27.083,91966.12546082259,,
2024-11-27 00:02:25.341,,3326.4793465710977,
2024-11-27 00:08:47.607,,,612.6879601556809
2024-11-27 01:00:09.794,,3314.184732964164,
2024-11-27 01:00:51.391,91933.92643871943,,
2024-11-27 01:00:53.816,,,610.4695189681663
2024-11-27 02:11:31.794,,,614.5876231921527
2024-11-27 02:12:21.790,,3337.237881273387,
2024-11-27 02:12:22.913,92607.25978525801,,
2024-11-27 03:11:02.965,,,617.5518008741728
2024-11-27 03:15:33.378,92757.25760440195,,
2024-11-27 03:15:40.172,,3360.707837442303,
2024-11-27 04:02:47.384,,,615.9039401655889
2024-11-27 04:08:33.302,92540.63200465744,,
2024-11-27 04:09:08.900,,3360.2917004221285,
2024-11-27 05:17:09.920,92467.19419996986,,
2024-11-27 05:19:12.955,,,616.1420935980706
2024-11-27 05:20:39.276,,3393.166776624478,
2024-11-27 06:04:29.562,,,617.2943121678344
2024-11-27 06:16:13.189,,3413.5364066124257,
2024-11-27 06:17:14.653,93116.52878592828,,
2024-11-27 07:03:27.951,93041.15493061596,,
2024-11-27 07:04:34.318,,3427.2544211029904,
2024-11-27 07:11:46.692,,,620.4963946199897
2024-11-27 08:17:30.756,,,620.6231799422417
2024-11-27 08:17:59.155,,3426.1592564560237,
2024-11-27 08:18:03.422,93358.52950733504,,
2024-11-27 09:00:45.768,,3420.162207208439,
2024-11-27 09:02:49.712,,,620.5007482082664
2024-11-27 09:11:32.493,93353.14544962376,,
2024-11-27 10:01:16.755,,,619.9108627893497
2024-11-27 10:08:10.002,93421.06777149941,,
2024-11-27 10:09:50.530,,3412.9543534876098,
2024-11-27 11:05:35.699,,3458.8374652674866,
2024-11-27 11:16:13.813,93720.0281114403,,
2024-11-27 11:16:54.168,,,624.1587827111292
2024-11-27 12:01:51.889,93357.55242737303,,
2024-11-27 12:04:14.801,,,624.6318337404633
2024-11-27 12:18:36.279,,3450.7511873462577,
2024-11-27 13:12:03.737,,3486.4879200127666,
2024-11-27 13:14:46.560,,,625.3566350190723
2024-11-27 13:17:08.922,93629.54950174688,,
2024-11-27 14:14:30.731,,3486.7906506773534,
2024-11-27 14:15:09.083,,,626.0752915856973
2024-11-27 14:16:04.088,94329.7143041084,,
2024-11-27 15:11:06.006,,,632.9495689858373
2024-11-27 15:13:02.233,,3530.2988306126326,
2024-11-27 15:14:42.526,94861.93284322716,,
2024-11-27 16:10:34.068,,,636.28884981528
2024-11-27 16:12:29.835,,3562.316952861153,
2024-11-27 16:12:55.979,95789.66766620122,,
2024-11-27 17:12:20.722,,,636.1650070819583
2024-11-27 17:13:47.113,,3556.765114090693,
2024-11-27 17:15:10.071,95515.77323187885,,
2024-11-27 18:03:03.844,,,638.9720815882657
2024-11-27 18:07:39.343,,3569.728755805309,
2024-11-27 18:07:48.215,96424.72297475173,,
2024-11-27 19:03:23.564,,3590.5507686595824,
2024-11-27 19:10:52.225,96170.26060853197,,
2024-11-27 19:19:33.478,,,637.4974726657216
2024-11-27 20:00:57.240,96657.69896151192,,
2024-11-27 20:01:31.973,,3605.848643147215,
2024-11-27 20:08:46.823,,,640.6076219085959
2024-11-27 21:13:12.469,,,640.910831171288
2024-11-27 21:16:23.853,96666.00439308601,,
2024-11-27 21:16:25.342,,3647.8779374901583,
2024-11-27 22:10:15.508,96491.06000818207,,
2024-11-27 22:10:54.817,,3645.2183805932773,
2024-11-27 22:11:38.768,,,643.0621691273706
2024-11-27 23:01:23.151,96170.73566599475,,
2024-11-27 23:01:52.534,,3663.848907516152,
2024-11-27 23:07:29.221,,,644.3379704109717
2024-11-28 00:02:21.324,,3666.1884904377557,
2024-11-28 00:09:10.231,95951.2085932291,,
2024-11-28 00:09:44.545,,,644.2775756319617
2024-11-28 01:00:38.745,,3652.525637757042,
2024-11-28 01:03:32.674,,,649.9447701978328
2024-11-28 01:05:20.294,96614.05040446685,,
2024-11-28 02:08:50.944,,,656.5343393056575
2024-11-28 02:15:29.415,96276.71642483807,,
2024-11-28 02:15:49.177,,3631.831928585891,
2024-11-28 03:04:36.282,,,652.0336036452691
2024-11-28 03:12:48.187,95479.544969306,,
2024-11-28 03:13:29.351,,3615.034574523957,
2024-11-28 04:02:58.813,,,652.404421670741
2024-11-28 04:07:54.375,95703.61262402752,,
2024-11-28 04:08:38.395,,3601.197330817142,
2024-11-28 05:10:26.616,,,655.781684573582
2024-11-28 05:10:40.671,95988.10541431927,,
2024-11-28 05:10:44.864,,3615.2145826884407,
2024-11-28 06:05:12.912,,,654.2801189934132
2024-11-28 06:06:29.646,,3581.518873974984,
2024-11-28 06:16:23.524,95186.68566247674,,
2024-11-28 07:04:49.175,95515.34711807224,,
2024-11-28 07:04:57.211,,,656.4069915815925
2024-11-28 07:06:26.363,,3594.6524762891086,
2024-11-28 08:07:37.505,,3593.847227880343,
2024-11-28 08:09:31.240,95393.76265151467,,
2024-11-28 08:16:40.525,,,649.5456334975999
2024-11-28 09:04:29.457,,3628.552561364859,
2024-11-28 09:04:32.386,,,654.6613779636123
2024-11-28 09:05:30.049,95502.0233166038,,
2024-11-28 10:07:43.011,,3585.0088785333674,
2024-11-28 10:08:21.132,94760.40084653812,,
2024-11-28 10:16:51.258,,,657.242566390081
2024-11-28 11:12:13.865,94983.44976143821,,
2024-11-28 11:12:40.927,,,659.2746916432036
2024-11-28 11:12:53.020,,3608.8061966343826,
2024-11-28 12:08:34.115,,3621.2051452824066,
2024-11-28 12:09:46.993,,,659.5636628956706
2024-11-28 12:10:00.091,95481.90220044892,,
2024-11-28 13:02:54.160,,,658.6784909694112
2024-11-28 13:03:49.445,95475.11606956099,,
2024-11-28 13:06:57.796,,3610.732487165745,
2024-11-28 14:04:33.275,,,655.8920735401036
2024-11-28 14:10:59.369,,3607.484026135571,
2024-11-28 14:12:34.841,96198.05364234172,,
2024-11-28 15:02:55.936,,3562.8035445710107,
2024-11-28 15:03:17.960,95387.70283031963,,
2024-11-28 15:13:54.924,,,651.1855990715526
2024-11-28 16:04:17.979,95028.11522967313,,
2024-11-28 16:08:54.296,,,647.83951880677
2024-11-28 16:11:30.955,,3555.5621832214333,
2024-11-28 17:00:50.308,94870.52015258135,,
2024-11-28 17:00:51.260,,3534.442093076524,
2024-11-28 17:00:51.321,,,646.932346621971
2024-11-28 18:00:32.713,,,648.0903618922868
2024-11-28 18:05:43.770,94913.79266980878,,
2024-11-28 18:07:40.666,,3560.1334899533267,
2024-11-28 19:08:31.361,,3583.395950642489,
2024-11-28 19:13:41.551,,,651.4661999029072
2024-11-28 19:13:42.607,95259.23310011603,,
2024-11-28 20:13:09.351,,3569.820194443461,
2024-11-28 20:14:14.229,95067.89673866176,,
2024-11-28 20:14:21.560,,,656.6188081250565
2024-11-28 21:04:50.319,94832.58319602066,,
2024-11-28 21:12:15.397,,3572.048161022212,
2024-11-28 21:13:27.371,,,655.3987760105082
2024-11-28 22:05:13.661,,,656.4350093640606
2024-11-28 22:05:55.209,,3573.129837000764,
2024-11-28 22:08:34.909,95070.723499186,,
2024-11-28 23:03:21.722,,,659.573200406103
2024-11-28 23:14:21.926,95690.73120439636,,
2024-11-28 23:14:32.859,,3587.9951641210873,
2024-11-29 00:08:58.611,,3578.7940610328665,
2024-11-29 00:16:42.016,,,654.6483066913157
2024-11-29 00:16:42.940,95491.15372866433,,
2024-11-29 01:00:11.035,,,653.6009237096911
2024-11-29 01:14:59.754,,3563.346425773754,
2024-11-29 01:15:08.249,95605.1000917574,,
2024-11-29 02:09:07.650,,3576.8949664480037,
2024-11-29 02:09:24.477,96185.70817332235,,
2024-11-29 02:13:38.961,,,656.9826332112283
2024-11-29 03:06:47.263,,,662.177957180417
2024-11-29 03:08:34.680,,3592.482264458509,
2024-11-29 03:10:00.842,96689.2115628015,,
2024-11-29 04:08:29.879,,,658.2225567763849
2024-11-29 04:14:00.385,96453.7957193378,,
2024-11-29 04:15:27.055,,3581.9052320378423,
2024-11-29 05:00:42.009,,3577.5248643141435,
2024-11-29 05:00:42.050,96379.56503402354,,
2024-11-29 05:01:01.920,,,656.3499127880738
2024-11-29 06:09:59.860,,3580.788647007448,
2024-11-29 06:12:40.035,96373.51348577719,,
2024-11-29 06:16:49.202,,,654.1762554359816
2024-11-29 07:00:45.538,96125.36721127221,,
2024-11-29 07:05:27.517,,3564.341705270493,
2024-11-29 07:06:44.304,,,653.1295092197113
2024-11-29 08:07:16.669,,,650.6526124905056
2024-11-29 08:11:59.366,95825.0748819143,,
2024-11-29 08:12:25.783,,3554.262638651803,
2024-11-29 09:05:54.572,95945.75550951564,,
2024-11-29 09:06:05.235,,3567.991415294199,
2024-11-29 09:09:26.636,,,654.2043355300035
2024-11-29 10:07:03.100,,3571.388471130018,
2024-11-29 10:07:17.742,,,653.5375552986361
2024-11-29 10:10:41.814,96456.81032264214,,
2024-11-29 11:14:57.707,,,653.7268663832106
2024-11-29 11:16:16.973,,3576.1337452313146,
2024-11-29 11:16:47.095,96642.49448371603,,
2024-11-29 12:11:42.449,,3597.2070090418256,
2024-11-29 12:12:24.907,97395.2053894119,,
2024-11-29 12:12:35.506,,,656.4866144345588
2024-11-29 13:08:43.267,,3582.0120569967094,
2024-11-29 13:08:54.511,,,654.4837894450465
2024-11-29 13:12:07.077,97007.00175095935,,
2024-11-29 14:11:40.414,,,659.3511889854136
2024-11-29 14:12:29.460,,3605.256945205471,
2024-11-29 14:14:36.284,97046.8047280419,,
2024-11-29 15:02:01.344,,,660.7493489432454
2024-11-29 15:05:40.371,,3638.414408411527,
2024-11-29 15:18:25.322,98658.9345586154,,
2024-11-29 16:01:06.372,98328.64578971834,,
2024-11-29 16:18:48.586,,,660.5076907906968
2024-11-29 16:18:57.502,,3617.006446724567,
2024-11-29 17:01:36.871,,,657.2258623499978
2024-11-29 17:02:05.100,,3600.532033299157,
2024-11-29 17:02:37.123,97860.38178200499,,
2024-11-29 18:08:59.029,,,655.598221428423
2024-11-29 18:16:36.672,,3594.734931905455,
2024-11-29 18:16:48.144,97222.26935639295,,
2024-11-29 19:02:38.948,,3577.3047112770423,
2024-11-29 19:04:14.253,97246.37242302352,,
2024-11-29 19:04:29.482,,,658.4108841048541
2024-11-29 20:05:39.392,97446.74304209618,,
2024-11-29 20:06:18.775,,3582.8646163074145,
2024-11-29 20:09:09.081,,,654.7061531930077
2024-11-29 21:03:22.534,,,652.5092164098045
2024-11-29 21:07:36.251,97461.78010777534,,
2024-11-29 21:08:15.468,,3596.7895416959277,
2024-11-29 22:06:01.260,97439.73260524705,,
2024-11-29 22:06:46.764,,,653.3623482018924
2024-11-29 22:08:32.389,,3593.885491592031,
2024-11-29 23:08:55.719,,,653.2606285791883
2024-11-29 23:14:45.355,97229.63977566083,,
2024-11-29 23:15:27.964,,3593.387209142246,
2024-11-30 00:03:46.642,,3597.2550250894155,
2024-11-30 00:03:56.012,97508.58607262665,,
2024-11-30 00:17:09.784,,,652.5835751733836
2024-11-30 01:02:59.055,97014.26142121738,,
2024-11-30 01:13:03.683,,,649.1955186813825
2024-11-30 01:16:25.513,,3581.810797602005,
2024-11-30 02:02:11.482,,3607.0820805206336,
2024-11-30 02:02:12.871,96605.38061704171,,
2024-11-30 02:14:02.506,,,649.6274300418552
2024-11-30 03:03:48.158,,3622.0529283964142,
2024-11-30 03:04:10.716,96633.35340970031,,
2024-11-30 03:12:01.084,,,652.547308826859
2024-11-30 04:06:03.574,,3652.4322078248006,
2024-11-30 04:07:05.781,96758.51951096501,,
2024-11-30 04:16:33.098,,,656.3498605119
2024-11-30 05:08:26.860,,3653.048999621828,
2024-11-30 05:09:02.961,,,656.0422228331195
2024-11-30 05:16:13.503,96810.70779402187,,
2024-11-30 06:13:32.727,,3706.939685081435,
2024-11-30 06:14:27.673,97201.81169262696,,
2024-11-30 06:16:17.734,,,660.5832365590198
2024-11-30 07:01:28.821,,3695.375858977358,
2024-11-30 07:02:38.600,96638.46548783808,,
2024-11-30 07:17:50.433,,,664.7832182462985
2024-11-30 08:14:55.355,96755.02015382673,,
2024-11-30 08:14:56.168,,3711.047909859273,
2024-11-30 08:15:18.855,,,673.9468117697661
2024-11-30 09:07:46.630,,,668.1149683937302
2024-11-30 09:11:57.026,,3690.6676709008625,
2024-11-30 09:12:09.500,96771.49042272137,,
2024-11-30 10:14:18.236,,,670.7250277799283
2024-11-30 10:16:11.345,96816.44177566814,,
2024-11-30 10:17:20.473,,3689.129295979975,
2024-11-30 11:07:02.757,,,663.0125888361226
2024-11-30 11:16:48.142,,3654.457219871522,
2024-11-30 11:17:57.045,96325.09800019009,,
2024-11-30 12:03:50.031,96295.48312358867,,
2024-11-30 12:08:33.774,,3660.903182693274,
2024-11-30 12:13:56.309,,,660.3071862304813
2024-11-30 13:10:25.090,,3677.40068589831,
2024-11-30 13:10:58.311,,,661.0113946191135
2024-11-30 13:11:17.731,96601.05864452482,,
2024-11-30 14:03:02.684,,,662.7992060396888
2024-11-30 14:13:32.181,,3680.165981039805,
2024-11-30 14:15:59.578,96635.48311038042,,
2024-11-30 15:07:58.914,,,657.176160925426
2024-11-30 15:08:33.571,96651.85454010883,,
2024-11-30 15:09:39.829,,3666.469864198992,
2024-11-30 16:08:28.168,,3678.9561406128832,
2024-11-30 16:08:46.555,,,656.8321529758906
2024-11-30 16:09:07.672,96722.49267809853,,
2024-11-30 17:08:17.075,,,658.9131555759947
2024-11-30 17:09:00.205,,3678.3211379380764,
2024-11-30 17:09:29.468,96992.65771016199,,
2024-11-30 18:09:32.849,,,658.3324691377023
2024-11-30 18:10:16.773,96921.35645358218,,
2024-11-30 18:10:39.779,,3681.0003876338633,
2024-11-30 19:08:33.700,,,655.6941169293815
2024-11-30 19:10:40.825,97025.20112983785,,
2024-11-30 19:17:47.061,,3669.5104193433153,
2024-11-30 20:04:55.239,97062.34005073737,,
2024-11-30 20:08:05.437,,,654.5922902968342
2024-11-30 20:10:00.740,,3690.990665129014,
2024-11-30 21:03:42.562,97019.0839291062,,
2024-11-30 21:04:13.071,,3711.4703907907356,
2024-11-30 21:11:33.816,,,656.4655961621318
2024-11-30 22:12:30.999,96843.66127689845,,
2024-11-30 22:12:32.531,,3709.807205993504,
2024-11-30 22:14:14.353,,,657.1812593981617
2024-11-30 23:02:08.916,,3703.65826732671,
2024-11-30 23:02:13.260,96383.40831265219,,
2024-11-30 23:12:22.980,,,656.8841126592629
2024-12-01 00:03:26.710,96449.75251537087,,
2024-12-01 00:03:47.987,,3706.868153295155,
2024-12-01 00:10:00.227,,,654.7315692713655
2024-12-01 01:03:57.571,,3695.014056138084,
2024-12-01 01:08:43.760,96368.41659629214,,
2024-12-01 01:09:06.214,,,652.1692844099128
2024-12-01 02:01:53.976,,,652.6220775729548
2024-12-01 02:05:58.227,,3710.698166618208,
2024-12-01 02:06:11.230,96183.53865621796,,
2024-12-01 03:00:51.091,96004.87965292303,,
2024-12-01 03:03:39.340,,,647.4018228303114
2024-12-01 03:09:05.523,,3671.630267068356,
2024-12-01 04:06:19.681,96339.41109037622,,
2024-12-01 04:08:38.447,,,651.9571276436386
2024-12-01 04:11:59.044,,3706.8440117797604,
2024-12-01 05:03:59.893,,,652.4554759625232
2024-12-01 05:14:18.950,96446.42789147947,,
2024-12-01 05:14:57.816,,3694.0583155512672,
2024-12-01 06:04:34.626,96343.52129085963,,
2024-12-01 06:04:42.961,,,648.9877104733638
2024-12-01 06:05:28.072,,3686.1174347439232,
2024-12-01 07:04:50.899,,,650.2585784476198
2024-12-01 07:11:04.561,96390.74142074569,,
2024-12-01 07:12:53.045,,3701.438611449126,
2024-12-01 08:09:26.047,96571.30824363836,,
2024-12-01 08:10:38.527,,3709.503462592622,
2024-12-01 08:10:38.667,,,651.3109885432622
2024-12-01 09:00:57.106,,3714.562205130904,
2024-12-01 09:01:47.227,,,655.7532038415567
2024-12-01 09:02:32.987,97102.02262487802,,
2024-12-01 10:09:05.823,,3698.984661424683,
2024-12-01 10:09:38.960,,,655.4766482616305
2024-12-01 10:13:02.693,96931.6481377739,,
2024-12-01 11:06:57.104,97002.85526437357,,
2024-12-01 11:09:15.164,,3691.625046721153,
2024-12-01 11:11:27.532,,,657.2161166253499
2024-12-01 12:13:11.222,,,658.629619091037
2024-12-01 12:17:09.977,97134.4449430997,,
2024-12-01 12:17:36.463,,3693.2107876431182,
2024-12-01 13:05:34.536,,,657.4997161543047
2024-12-01 13:13:23.923,97038.9439813737,,
2024-12-01 13:13:49.683,,3693.953054827623,
2024-12-01 14:02:00.018,,,660.5570409299853
2024-12-01 14:08:25.993,97174.15248879559,,
2024-12-01 14:13:12.899,,3707.4665099249664,
2024-12-01 15:00:45.230,97326.08031323279,,
2024-12-01 15:12:43.207,,,661.4709159244682
2024-12-01 15:17:18.562,,3713.8269807544466,
2024-12-01 16:18:57.986,97270.41742463625,,
2024-12-01 16:18:58.451,,3731.3030991250725,
2024-12-01 16:18:59.204,,,663.1537426536427
2024-12-01 17:00:42.253,97189.56420320657,,
2024-12-01 17:01:55.493,,3730.2806141754413,
2024-12-01 17:10:35.262,,,661.2180221971657
2024-12-01 18:02:20.084,,,659.3861440268939
2024-12-01 18:05:34.390,97365.59444539624,,
2024-12-01 18:08:56.850,,3728.395963283799,
2024-12-01 19:02:04.019,,3713.638988133656,
2024-12-01 19:17:01.337,,,657.0117323186112
2024-12-01 19:17:52.924,97263.83812097862,,
2024-12-01 20:11:51.344,,,656.202526372919
2024-12-01 20:17:58.472,97000.42842281252,,
2024-12-01 20:18:30.644,,3695.916936480533,
2024-12-01 21:02:44.237,97150.57786301634,,
2024-12-01 21:02:59.037,,3692.907304498365,
2024-12-01 21:10:26.057,,,656.2120983995262
2024-12-01 22:03:11.838,,3709.7602974991764,
2024-12-01 22:06:47.189,97837.54244122059,,
2024-12-01 22:10:31.017,,,657.7455613299632
2024-12-01 23:07:25.109,97755.07541514019,,
2024-12-01 23:07:51.578,,3730.4000860274964,
2024-12-01 23:08:33.764,,,658.7336354988763
2024-12-02 00:03:59.590,97236.36305090637,,
2024-12-02 00:07:20.987,,,656.4938232421827
2024-12-02 00:09:17.014,,3711.1987824301145,
2024-12-02 01:06:12.422,97557.01333182376,,
2024-12-02 01:06:17.579,,3708.0313194121118,
2024-12-02 01:14:32.678,,,658.8648817700048
2024-12-02 02:00:42.697,,,666.205814593175
2024-12-02 02:09:05.149,,3731.6698863884026,
2024-12-02 02:09:49.091,97921.26065528078,,
2024-12-02 03:00:14.075,,3720.93280508381,
2024-12-02 03:18:08.006,97598.79449106254,,
2024-12-02 03:18:18.525,,,662.6870206779315
2024-12-02 04:02:58.916,96464.44252221848,,
2024-12-02 04:04:03.703,,,652.848967222396
2024-12-02 04:17:07.112,,3669.256761100048,
2024-12-02 05:02:55.753,96756.32858096625,,
2024-12-02 05:18:00.835,,,654.2486211294168
2024-12-02 05:18:47.022,,3701.7235299415347,
2024-12-02 06:11:14.385,,,649.4661720766909
2024-12-02 06:13:14.208,96216.55939670413,,
2024-12-02 06:13:57.727,,3668.4405520671135,
2024-12-02 07:04:10.211,96353.93251880011,,
2024-12-02 07:04:18.552,,3682.372347383246,
2024-12-02 07:17:38.866,,,651.1046817331892
2024-12-02 08:04:52.789,,3668.8304573426703,
2024-12-02 08:05:30.331,96003.50480472743,,
2024-12-02 08:17:13.135,,,646.2356978794727
2024-12-02 09:09:46.275,95033.54125142765,,
2024-12-02 09:13:42.653,,3610.6786439895845,
2024-12-02 09:15:37.572,,,635.6913865755703
2024-12-02 10:08:26.305,95258.52690171727,,
2024-12-02 10:11:11.123,,,637.8383282430942
2024-12-02 10:11:11.269,,3613.156016111123,
2024-12-02 11:08:47.870,,3580.379583527892,
2024-12-02 11:08:56.403,95015.53517311942,,
2024-12-02 11:09:04.252,,,632.7367540753987
2024-12-02 12:01:22.158,,,632.7029343731114
2024-12-02 12:06:37.100,,3588.459847631326,
2024-12-02 12:09:18.706,95105.9103913035,,
2024-12-02 13:05:38.405,94983.1184922097,,
2024-12-02 13:05:51.517,,,632.4048975748063
2024-12-02 13:07:01.041,,3592.810075326018,
2024-12-02 14:09:10.152,,,639.4627808882902
2024-12-02 14:12:14.664,,3633.765219470295,
2024-12-02 14:14:13.207,95752.15673527643,,
2024-12-02 15:08:11.220,,,639.9565852592921
2024-12-02 15:14:07.025,,3649.621485978883,
2024-12-02 15:16:27.972,96640.36378149671,,
2024-12-02 16:12:57.929,,3681.7205614968248,
2024-12-02 16:14:09.035,97338.64014986507,,
2024-12-02 16:16:37.858,,,651.1637754004024
2024-12-02 17:06:35.163,,3638.531184888343,
2024-12-02 17:07:58.851,96506.95476231267,,
2024-12-02 17:08:11.226,,,642.7142338818519
2024-12-02 18:21:15.332,,,638.480143454849
2024-12-02 18:21:27.355,,3607.837547305037,
2024-12-02 18:21:32.779,95577.83844022479,,
2024-12-02 19:13:23.127,95443.08501561117,,
2024-12-02 19:13:28.128,,3609.0980302847497,
2024-12-02 19:13:50.980,,,637.3105154193418
2024-12-02 20:12:45.678,,,640.4432145509875
2024-12-02 20:12:50.011,,3619.649270291817,
2024-12-02 20:14:16.128,96092.96869834872,,
2024-12-02 21:05:37.493,,,640.0204052712132
2024-12-02 21:12:50.672,,3608.1853303591256,
2024-12-02 21:18:49.444,95423.75070304835,,
2024-12-02 22:09:29.904,95472.40097562649,,
2024-12-02 22:11:17.855,,3615.313738627705,
2024-12-02 22:13:59.434,,,639.4040393340058
2024-12-02 23:07:25.708,,,642.8394811745667
2024-12-02 23:07:31.443,,3624.6370950543637,
2024-12-02 23:07:52.696,95609.08860975849,,
2024-12-03 00:02:56.520,,3645.0922896027582,
2024-12-03 00:06:04.384,,,647.4480323724771
2024-12-03 00:08:19.834,95771.7775765992,,
2024-12-03 01:00:24.670,,,653.1083138272489
2024-12-03 01:03:16.768,95822.44378656257,,
2024-12-03 01:13:42.035,,3640.628758231804,
2024-12-03 02:07:45.053,,3615.2872348016817,
2024-12-03 02:08:26.328,95437.47317669269,,
2024-12-03 02:13:43.120,,,648.4665655853995
2024-12-03 03:11:20.266,,,651.8885389454925
2024-12-03 03:14:48.049,96021.76284501492,,
2024-12-03 03:15:14.371,,3646.676576880116,
2024-12-03 04:07:37.219,,3639.5203421330752,
2024-12-03 04:10:10.824,96038.90237882962,,
2024-12-03 04:14:10.176,,,652.7064314542349
2024-12-03 05:09:35.557,95975.76179116774,,
2024-12-03 05:10:32.656,,3648.808170944091,
2024-12-03 05:10:58.469,,,653.4096339556968
2024-12-03 06:03:41.177,,,655.2841289907933
2024-12-03 06:11:50.727,,3657.4893224467287,
2024-12-03 06:11:58.771,96182.97659291401,,
2024-12-03 07:05:42.969,,,653.3341687454729
2024-12-03 07:10:43.131,95506.0814735822,,
2024-12-03 07:10:59.339,,3630.311246909111,
2024-12-03 08:46:59.084,95384.53241205157,,
2024-12-03 08:49:10.056,,3612.9714715948494,
2024-12-03 08:49:12.198,,,649.7947200784162
2024-12-03 09:23:52.346,95296.73817137364,,
2024-12-03 09:23:54.840,,3604.846366308339,
2024-12-03 09:27:58.397,,,649.3555485261325
2024-12-03 10:01:24.621,,,648.6576155662165
2024-12-03 10:04:30.053,,3608.0404446490843,
2024-12-03 10:04:30.715,95253.15901691148,,
2024-12-03 11:02:17.544,94725.2456544063,,
2024-12-03 11:02:40.009,,,647.1490301179854
2024-12-03 11:03:58.934,,3586.8935522308298,
2024-12-03 12:04:42.966,,,651.0121052074729
2024-12-03 12:04:45.997,,3613.515132685819,
2024-12-03 12:04:52.653,95014.00157299479,,
2024-12-03 13:01:32.441,,3606.6213317804218,
2024-12-03 13:04:26.865,,,648.5937371226498
2024-12-03 13:04:36.088,94885.53497008028,,
2024-12-03 14:04:47.188,,,633.1735380752441
2024-12-03 14:04:49.785,,3543.036823786985,
2024-12-03 14:04:50.568,93696.5978439618,,
2024-12-03 15:04:01.362,,,639.5867510431759
2024-12-03 15:04:44.283,,3584.1345207268528,
2024-12-03 15:04:59.067,95274.85800912892,,
2024-12-03 16:07:47.072,95795.02218556103,,
2024-12-03 16:08:04.501,,3578.881922443408,
2024-12-03 16:09:20.910,,,643.5613984313534
2024-12-03 17:04:39.667,,,646.4762216103896
2024-12-03 17:07:11.486,,3555.9499774139094,
2024-12-03 17:07:22.199,95194.30198444356,,
2024-12-03 18:14:28.021,,3572.3154696054917,
2024-12-03 18:14:42.734,95727.81032300639,,
2024-12-03 18:17:06.174,,,660.8733963660992
2024-12-03 19:09:26.781,,3573.1436749253876,
2024-12-03 19:09:46.716,,,676.2680600030839
2024-12-03 19:09:47.029,95357.57748495684,,
2024-12-03 20:03:14.249,,,687.662903470429
2024-12-03 20:07:36.691,,3574.084611764094,
2024-12-03 20:09:05.380,95358.3280631854,,
2024-12-03 21:02:22.000,95674.96445986646,,
2024-12-03 21:04:55.048,,3607.6275407055014,
2024-12-03 21:05:20.461,,,707.7437767683025
2024-12-03 22:03:04.797,,3618.4323609485136,
2024-12-03 22:06:02.718,95831.265023953,,
2024-12-03 22:09:48.756,,,705.6784003708034
2024-12-03 23:00:25.321,95986.56802975493,,
2024-12-03 23:03:08.883,,,722.8882573016976
2024-12-03 23:04:58.477,,3628.1403935654607,
2024-12-04 00:08:33.824,,,741.8993035810768
2024-12-04 00:09:09.732,95982.21323900338,,
2024-12-04 00:09:52.572,,3621.1404227300795,
2024-12-04 01:04:54.081,,,760.7160287982302
2024-12-04 01:04:58.133,,3645.280276074713,
2024-12-04 01:05:00.021,95784.82682188877,,
2024-12-04 02:04:56.239,,3689.728485597333,
2024-12-04 02:05:00.792,,,771.5990368369517
2024-12-04 02:05:51.884,96282.18074787548,,
2024-12-04 03:04:43.680,,,750.6280010138621
2024-12-04 03:04:54.062,,3649.576506267535,
2024-12-04 03:04:56.738,95873.78594791057,,
2024-12-04 04:04:50.073,,3667.936182347407,
2024-12-04 04:04:51.668,95811.44403940799,,
2024-12-04 04:04:53.128,,,751.616423154698
2024-12-04 05:03:36.386,,,755.1947268693981
2024-12-04 05:05:16.941,95972.8355028198,,
2024-12-04 05:05:21.657,,3672.112847221927,
2024-12-04 06:01:23.490,96548.93281178985,,
2024-12-04 06:04:54.363,,3683.2284335284007,
2024-12-04 06:09:29.864,,,760.2371968365699
2024-12-04 07:04:35.146,96593.13716557594,,
2024-12-04 07:04:52.314,,,759.9412438088999
2024-12-04 07:04:57.851,,3694.5910607217734,
2024-12-04 08:09:39.093,,,765.0972157458
2024-12-04 08:09:46.309,,3719.992981428206,
2024-12-04 08:09:46.768,96766.48910557115,,
2024-12-04 09:01:32.356,96790.9119715239,,
2024-12-04 09:03:53.392,,,771.4797323997193
2024-12-04 09:04:16.302,,3708.429308425421,
2024-12-04 10:14:23.193,,3724.7820795903926,
2024-12-04 10:16:13.376,96818.903875925,,
2024-12-04 10:16:21.959,,,781.7475353421979
2024-12-04 11:00:03.303,96507.04415858182,,
2024-12-04 11:00:03.851,,,778.7488800041747
2024-12-04 11:03:36.086,,3719.394541716456,
2024-12-04 12:03:32.164,,3731.0437302340324,
2024-12-04 12:03:34.033,,,780.654478057119
2024-12-04 12:03:34.307,96282.08107391196,,
2024-12-04 13:00:35.561,96007.00987674274,,
2024-12-04 13:00:38.619,,3714.8953161343234,
2024-12-04 13:03:38.935,,,781.0504735148996
2024-12-04 14:03:37.581,95777.33103218696,,
2024-12-04 14:03:45.293,,3709.3357309187313,
2024-12-04 14:03:50.463,,,773.6392262103454
2024-12-04 15:03:25.210,95979.13988126339,,
2024-12-04 15:03:29.680,,3776.0018862576662,
2024-12-04 15:03:30.443,,,772.6451242583921
2024-12-04 16:01:14.156,,,755.6664335145197
2024-12-04 16:01:49.661,95806.84652097199,,
2024-12-04 16:02:46.797,,3823.722002137971,
2024-12-04 17:03:26.524,,,732.7186268148345
2024-12-04 17:03:26.729,94890.05289847856,,
2024-12-04 17:03:28.632,,3760.763035930696,
2024-12-04 18:03:31.156,,3819.358491833342,
2024-12-04 18:03:35.318,95624.19362973724,,
2024-12-04 18:03:35.978,,,731.7836945568077
2024-12-04 19:03:25.870,96280.93206312109,,
2024-12-04 19:03:36.450,,3826.4575845405116,
2024-12-04 19:03:37.311,,,734.6973467420642
2024-12-04 20:03:42.253,97406.80160998485,,
2024-12-04 20:03:42.698,,3850.2298472298494,
2024-12-04 20:03:44.415,,,741.4361963763645
2024-12-04 21:02:56.739,,,733.8044368361658
2024-12-04 21:03:26.845,98945.16291617283,,
2024-12-04 21:03:27.255,,3874.0165560832884,
2024-12-04 22:03:27.410,,,737.6373910163113
2024-12-04 22:03:28.180,,3849.2153623654776,
2024-12-04 22:03:29.095,97894.62591077255,,
2024-12-04 23:02:34.391,,,736.1875571943485
2024-12-04 23:03:00.202,98380.45507703637,,
2024-12-04 23:03:16.599,,3850.834338767146,
2024-12-05 00:00:30.130,,,736.4426842404933
2024-12-05 00:00:35.557,98881.4694561823,,
2024-12-05 00:03:53.332,,3837.205060931125,
2024-12-05 01:03:10.671,,3807.159986691198,
2024-12-05 01:03:22.566,98435.43735724507,,
2024-12-05 01:03:32.351,,,724.204918669076
2024-12-05 02:00:24.175,,,704.4990778552742
2024-12-05 02:00:34.798,98238.84818403497,,
2024-12-05 02:01:32.900,,3810.5482464042298,
2024-12-05 03:01:46.969,,,725.261128980216
2024-12-05 03:03:32.253,,3864.572466548006,
2024-12-05 03:03:33.416,101421.83483164513,,
2024-12-05 04:01:21.712,,3835.2944384293132,
2024-12-05 04:03:00.390,102993.59097558935,,
2024-12-05 04:03:20.114,,,714.6040330357854
2024-12-05 05:00:29.931,,3874.194569929369,
2024-12-05 05:01:07.457,103425.4428685291,,
2024-12-05 05:01:32.867,,,728.7486548300749
2024-12-05 06:00:48.094,,,724.4239163958592
2024-12-05 06:03:19.756,102640.1318038796,,
2024-12-05 06:03:22.086,,3850.514114722973,
2024-12-05 07:02:13.996,,3853.6593369630355,
2024-12-05 07:03:18.076,,,722.7624152930852
2024-12-05 07:03:19.494,101954.7152753914,,
2024-12-05 08:02:16.466,,,729.1864717132324
2024-12-05 08:02:47.694,,3856.238876922254,
2024-12-05 08:02:48.094,102361.19672205136,,
2024-12-05 09:01:55.920,,3914.2161766859067,
2024-12-05 09:03:44.529,,,734.7839834206995
2024-12-05 09:03:45.331,103009.62070412567,,
2024-12-05 10:03:35.824,,,733.9965875008578
2024-12-05 10:03:36.307,,3919.9239484184195,
2024-12-05 10:03:40.738,102743.90459828028,,
2024-12-05 11:02:57.000,,,733.5357082869157
2024-12-05 11:03:33.075,102370.395110099,,
2024-12-05 11:03:35.092,,3918.923045592771,
2024-12-05 12:01:22.146,102700.51110153912,,
2024-12-05 12:01:29.506,,,737.8380096430463
2024-12-05 12:01:31.000,,3938.083867879866,
2024-12-05 13:03:15.039,,,730.8444622758159
2024-12-05 13:03:34.273,,3934.9727134676077,
2024-12-05 13:03:34.367,103036.85692338014,,
2024-12-05 14:00:10.652,,3923.822775332935,
2024-12-05 14:00:14.209,103015.50735639081,,
2024-12-05 14:00:17.092,,,729.6531135909411
2024-12-05 15:04:46.918,,,728.4277611917788
2024-12-05 15:04:50.176,103606.80283966633,,
2024-12-05 15:04:50.413,,3940.3761358687266,
2024-12-05 16:04:49.588,,,722.979506252761
2024-12-05 16:05:13.328,101455.89132156898,,
2024-12-05 16:05:47.173,,3891.238748937974,
2024-12-05 17:03:25.330,101168.45744696613,,
2024-12-05 17:03:26.026,,3903.3211572603554,
2024-12-05 17:03:29.705,,,730.0828758000175
2024-12-05 18:03:00.440,,,735.0302152234541
2024-12-05 18:03:32.259,,3925.456680017681,
2024-12-05 18:03:32.967,101468.51749059714,,
2024-12-05 19:00:32.314,,,728.6236518168081
2024-12-05 19:03:41.985,,3870.3207292799057,
2024-12-05 19:03:42.169,100220.47684694908,,
2024-12-05 20:02:04.092,,,716.3157389590621
2024-12-05 20:03:40.960,98965.53564098319,,
2024-12-05 20:03:41.728,,3828.1401174939024,
2024-12-05 21:03:39.351,,,714.1342596831224
2024-12-05 21:03:41.201,,3829.6192950296995,
2024-12-05 21:03:41.964,99115.10582206858,,
2024-12-05 22:03:28.542,99027.87676937091,,
2024-12-05 22:03:30.418,,3851.258400568737,
2024-12-05 22:03:31.002,,,715.2652404144374
2024-12-05 23:00:18.706,,,712.6735753008711
2024-12-05 23:00:25.274,,3806.624693382269,
2024-12-05 23:00:26.340,96489.62148540479,,
2024-12-06 00:00:37.089,,,719.7623500626481
2024-12-06 00:03:10.709,,3791.374120015539,
2024-12-06 00:03:20.663,97071.79475131465,,
2024-12-06 01:00:10.702,,3866.9367167094065,
2024-12-06 01:03:37.373,,,730.5158695534196
2024-12-06 01:03:38.083,97574.21607147499,,
2024-12-06 02:03:34.437,,3869.907765479282,
2024-12-06 02:03:37.942,98172.54905039177,,
2024-12-06 02:03:39.154,,,730.0290336166673
2024-12-06 03:03:23.999,,,728.3659722522564
2024-12-06 03:03:31.812,97544.69358415724,,
2024-12-06 03:03:31.985,,3868.869786911704,
2024-12-06 04:03:39.270,97779.11327272863,,
2024-12-06 04:03:41.232,,,729.9538170025828
2024-12-06 04:03:42.014,,3908.2425630911607,
2024-12-06 05:03:22.821,,,733.4869018490181
2024-12-06 05:03:31.401,,3903.01435472501,
2024-12-06 05:03:31.952,97937.81606233172,,
2024-12-06 06:03:29.165,,,727.3617769801026
2024-12-06 06:03:35.275,97916.4109662074,,
2024-12-06 06:03:35.598,,3889.964988580425,
2024-12-06 07:03:25.305,,,729.0834126836023
2024-12-06 07:03:31.132,,3914.3460721760516,
2024-12-06 07:03:32.605,98172.93885197869,,
2024-12-06 08:03:28.880,98184.92051314686,,
2024-12-06 08:03:30.551,,3895.258056071337,
2024-12-06 08:03:31.834,,,726.5594233830676
2024-12-06 09:03:23.807,,3888.676336545318,
2024-12-06 09:03:31.688,98400.88389964029,,
2024-12-06 09:03:31.738,,,724.8673956544393
2024-12-06 10:03:28.693,98035.87690442483,,
2024-12-06 10:03:29.036,,3869.979545114431,
2024-12-06 10:03:40.635,,,717.9231584218252
2024-12-06 11:03:23.383,98235.61414096713,,
2024-12-06 11:03:24.780,,3872.7759676728556,
2024-12-06 11:03:34.588,,,720.1385010103792
2024-12-06 12:00:10.006,98113.43650949412,,
2024-12-06 12:00:19.725,,,718.5028187977739
2024-12-06 12:00:32.067,,3867.363728196567,
2024-12-06 13:03:30.541,,,713.3926319623018
2024-12-06 13:03:35.159,97830.48395710898,,
2024-12-06 13:03:38.531,,3854.3543165044903,
2024-12-06 14:03:28.174,,,717.7043907920314
2024-12-06 14:03:31.924,,3888.2128330168175,
2024-12-06 14:03:32.743,98694.3824613745,,
2024-12-06 15:01:57.002,,,725.0268704734801
2024-12-06 15:03:29.490,,3980.191903054599,
2024-12-06 15:03:34.542,99609.27564995179,,
2024-12-06 16:08:45.288,,,730.8396593392542
2024-12-06 16:08:48.676,,4009.1882247546746,
2024-12-06 16:08:48.768,99489.60455947198,,
2024-12-06 17:04:04.512,,4014.118843673654,
2024-12-06 17:04:04.596,99271.757616421,,
2024-12-06 17:04:04.657,,,742.9111945490417
2024-12-06 18:01:39.305,,4027.3328357798628,
2024-12-06 18:01:49.503,100859.98135716809,,
2024-12-06 18:03:03.788,,,744.7451631684946
2024-12-06 19:03:29.246,,,742.1934342455744
2024-12-06 19:03:29.592,101590.52137336919,,
2024-12-06 19:03:29.914,,4062.0928529296275,
2024-12-06 20:03:23.717,101575.64176063299,,
2024-12-06 20:03:24.261,,4067.5774524929366,
2024-12-06 20:03:25.400,,,738.2826396401488
2024-12-06 21:01:45.600,,4047.9073480883094,
2024-12-06 21:02:03.453,101413.6753891751,,
2024-12-06 21:03:23.450,,,741.5404477884231
2024-12-06 22:02:54.184,,,733.4295504279401
2024-12-06 22:03:14.917,100557.5295993342,,
2024-12-06 22:03:19.381,,4030.8989235780014,
2024-12-06 23:03:17.721,,,735.482753705622
2024-12-06 23:03:27.171,,4031.5841049130713,
2024-12-06 23:03:30.193,100648.83317503057,,
2024-12-07 00:03:25.734,,,731.8424739425421
2024-12-07 00:03:28.282,99928.05521481452,,
2024-12-07 00:03:29.188,,4007.7256533562368,
2024-12-07 01:03:23.971,100408.74512687804,,
2024-12-07 01:03:24.104,,4018.369292391779,
2024-12-07 01:03:24.491,,,734.863610938232
2024-12-07 02:03:24.231,,3988.389789899129,
2024-12-07 02:03:26.551,100183.5658026874,,
2024-12-07 02:03:28.584,,,737.8407013337652
2024-12-07 03:01:07.104,100076.36139397848,,
2024-12-07 03:01:09.459,,3997.9206179210187,
2024-12-07 03:03:26.142,,,736.8075270780787
2024-12-07 04:03:21.444,,3991.659462339062,
2024-12-07 04:03:21.922,99431.7288518576,,
2024-12-07 04:03:31.926,,,736.103871155885
2024-12-07 05:00:30.766,99699.55259705188,,
2024-12-07 05:01:27.920,,,743.1862301574888
2024-12-07 05:01:50.719,,4001.7997214179577,
2024-12-07 06:02:08.136,99260.72893790831,,
2024-12-07 06:02:12.311,,,746.9608862066914
2024-12-07 06:03:03.014,,3992.4432761357975,
2024-12-07 07:04:57.139,,,743.5186813727482
2024-12-07 07:05:09.514,99491.31611217723,,
2024-12-07 07:05:11.830,,3986.505629108447,
2024-12-07 08:01:05.538,,,739.9043356711455
2024-12-07 08:03:04.634,99596.43186712274,,
2024-12-07 08:03:21.594,,3992.761305859501,
2024-12-07 09:00:10.188,,3986.9692083070095,
2024-12-07 09:00:22.214,99648.40484337529,,
2024-12-07 09:00:25.395,,,741.9561984248656
2024-12-07 10:03:26.227,,3991.2102410359566,
2024-12-07 10:03:26.360,,,742.7697586183674
2024-12-07 10:03:27.707,99777.65421197002,,
2024-12-07 11:00:41.969,99639.93318003212,,
2024-12-07 11:01:13.283,,3986.815519193383,
2024-12-07 11:01:20.339,,,746.7445939701321
2024-12-07 12:02:09.785,,4004.5856257831388,
2024-12-07 12:02:17.623,99746.17018634557,,
2024-12-07 12:02:19.384,,,746.5305009053064
2024-12-07 13:00:51.332,,,743.55702586261
2024-12-07 13:00:58.767,,3999.5422531308486,
2024-12-07 13:01:00.982,99545.51216053427,,
2024-12-07 14:02:28.302,99454.39921942963,,
2024-12-07 14:02:56.418,,3998.9853011600435,
2024-12-07 14:03:24.050,,,744.8644572800839
2024-12-07 15:03:22.819,99547.60420718354,,
2024-12-07 15:03:23.591,,4000.5966923962387,
2024-12-07 15:03:28.461,,,745.1841807788539
2024-12-07 16:01:34.590,,,754.9196505554555
2024-12-07 16:03:24.734,99877.38414540082,,
2024-12-07 16:03:51.311,,4011.777731463787,
2024-12-07 17:03:21.691,99696.25232916776,,
2024-12-07 17:03:28.330,,,751.8670062847702
2024-12-07 17:03:29.707,,4001.0894932491196,
2024-12-07 18:01:21.419,99717.2700314381,,
2024-12-07 18:01:23.602,,3993.8707587417434,
2024-12-07 18:03:30.390,,,756.0049485371754
2024-12-07 19:00:47.245,100316.74021996472,,
2024-12-07 19:03:44.774,,,758.3954554692849
2024-12-07 19:03:47.306,,4016.6579198670515,
2024-12-07 20:01:36.894,,4015.3333513566017,
2024-12-07 20:02:20.382,100150.4600458066,,
2024-12-07 20:02:51.303,,,759.2986133726957
2024-12-07 21:03:24.279,,,756.0336132043057
2024-12-07 21:03:24.519,,4021.484893267172,
2024-12-07 21:03:25.765,100387.43277688618,,
2024-12-07 22:03:21.466,99986.27428037794,,
2024-12-07 22:03:21.513,,4009.2783052943773,
2024-12-07 22:03:30.055,,,753.995965305211
2024-12-07 23:01:02.650,,3998.238639680011,
2024-12-07 23:01:36.020,99714.62219537982,,
2024-12-07 23:02:04.281,,,750.2900353089292
2024-12-08 00:00:33.051,99781.82999198174,,
2024-12-08 00:03:38.435,,,750.7141601550235
2024-12-08 00:03:42.055,,4004.1085635595373,
2024-12-08 01:00:21.723,,,751.0446586857056
2024-12-08 01:01:29.665,100093.91981142433,,
2024-12-08 01:01:43.777,,4010.1925203305104,
2024-12-08 02:02:07.585,,,754.3246344604088
2024-12-08 02:02:12.314,99862.76415968286,,
2024-12-08 02:02:21.586,,3996.134346719202,
2024-12-08 03:03:26.418,100196.2140093384,,
2024-12-08 03:03:26.937,,3999.7602562038574,
2024-12-08 03:03:28.183,,,753.424817763661
2024-12-08 04:01:43.660,,,754.8783778646151
2024-12-08 04:02:31.301,,3992.84381656469,
2024-12-08 04:03:16.102,100000.43022327397,,
2024-12-08 05:03:29.335,,,750.6749512429469
2024-12-08 05:03:32.400,99810.92717913237,,
2024-12-08 05:03:33.280,,3984.5899395136626,
2024-12-08 06:00:09.360,99447.60724454361,,
2024-12-08 06:02:58.529,,,745.1540398328043
2024-12-08 06:03:32.078,,3969.5847918248082,
2024-12-08 07:01:28.372,,,747.9130384473473
2024-12-08 07:02:48.848,99732.44095259684,,
2024-12-08 07:03:04.713,,3980.718149309244,
2024-12-08 08:03:30.147,,,748.2221409213721
2024-12-08 08:03:30.427,99723.31815302378,,
2024-12-08 08:03:32.846,,3982.107763372796,
2024-12-08 09:02:29.775,99023.68305420919,,
2024-12-08 09:02:49.855,,3944.1879621354033,
2024-12-08 09:03:11.515,,,739.990428485037
2024-12-08 10:02:26.629,,,729.4636714464768
2024-12-08 10:03:23.615,,3938.8910859816606,
2024-12-08 10:03:24.515,98929.92844600427,,
2024-12-08 11:02:45.841,99331.30105113215,,
2024-12-08 11:02:58.619,,,736.1284756777029
2024-12-08 11:03:22.709,,3963.8051397324693,
2024-12-08 12:02:15.833,,,738.9226762636464
2024-12-08 12:03:31.314,,3974.198504714709,
2024-12-08 12:03:31.967,99754.7768522786,,
2024-12-08 13:03:31.172,,,740.4922005964004
2024-12-08 13:03:31.256,99942.77424660439,,
2024-12-08 13:03:31.646,,3986.9907342503266,
2024-12-08 14:01:55.880,,,744.0036219161485
2024-12-08 14:03:19.790,100464.25685327388,,
2024-12-08 14:03:19.891,,4002.832214962328,
2024-12-08 15:03:26.857,,,739.103306552049
2024-12-08 15:03:28.569,99793.30624506567,,
2024-12-08 15:03:29.036,,3981.3330276141796,
2024-12-08 16:00:19.640,,4000.6570606547125,
2024-12-08 16:01:18.204,,,741.3651562853281
2024-12-08 16:03:30.620,99960.38207123477,,
2024-12-08 17:03:30.984,,,739.898662404858
2024-12-08 17:03:31.420,99899.03575253555,,
2024-12-08 17:03:31.968,,3985.9349085991853,
2024-12-08 18:01:58.369,,3987.969299081734,
2024-12-08 18:02:58.998,99986.10262488868,,
2024-12-08 18:05:28.709,,,739.3327070185719
2024-12-08 19:02:07.077,,,736.4682720159861
2024-12-08 19:03:19.399,,3967.957606823878,
2024-12-08 19:03:29.107,99660.92065618507,,
2024-12-08 20:02:10.830,,3995.0590728467873,
2024-12-08 20:02:42.809,,,740.6432814649174
2024-12-08 20:03:36.251,100202.71014270514,,
2024-12-08 21:03:15.808,,,739.0288273236091
2024-12-08 21:03:25.139,,3980.4929721698813,
2024-12-08 21:03:25.397,99818.18285201913,,
2024-12-08 22:00:29.169,,,740.1072992519901
2024-12-08 22:01:56.023,,3993.324808146618,
2024-12-08 22:03:16.787,100088.38635062006,,
2024-12-08 23:03:30.324,,,744.1525850428211
2024-12-08 23:03:30.724,,4011.5115656375215,
2024-12-08 23:03:30.741,100312.69149646896,,
2024-12-09 00:01:23.717,,,743.7625267847425
2024-12-09 00:01:31.777,,4007.406110973783,
2024-12-09 00:03:34.568,101200.19297467085,,
2024-12-09 01:01:54.523,,,732.1753078061162
2024-12-09 01:02:17.002,99652.9133055998,,
2024-12-09 01:02:46.916,,3968.470243183092,
2024-12-09 02:02:17.164,,,729.8488598273374
2024-12-09 02:02:40.346,,3950.1921445899293,
2024-12-09 02:02:42.049,99538.11718985396,,
2024-12-09 03:01:31.784,,,723.155430471055
2024-12-09 03:02:06.426,99265.6326527906,,
2024-12-09 03:03:34.364,,3945.0583595414496,
2024-12-09 04:01:04.262,98767.74882215231,,
2024-12-09 04:01:08.935,,3918.5833970989424,
2024-12-09 04:05:16.840,,,722.0055190684006
2024-12-09 05:00:48.684,,,723.8380720284305
2024-12-09 05:04:33.864,99467.41882642455,,
2024-12-09 05:04:36.070,,3941.4931217365,
2024-12-09 06:02:58.811,99464.1822382547,,
2024-12-09 06:03:09.097,,3944.288615445154,
2024-12-09 06:03:20.002,,,726.097346774204
2024-12-09 07:03:19.805,,,718.8623509227929
2024-12-09 07:03:20.464,,3918.597146973158,
2024-12-09 07:03:23.230,99072.06281298159,,
2024-12-09 08:02:10.660,,,720.4685247467783
2024-12-09 08:02:25.510,,3921.3303412704654,
2024-12-09 08:02:30.568,99565.075369978,,
2024-12-09 09:00:53.212,98892.01674132037,,
2024-12-09 09:00:56.720,,,709.2343562923
2024-12-09 09:01:08.535,,3863.176546869822,
2024-12-09 10:01:56.923,,,713.2340465113039
2024-12-09 10:02:03.712,98392.75350222512,,
2024-12-09 10:02:17.158,,3870.4873811728257,
2024-12-09 11:03:24.456,,3885.564418793954,
2024-12-09 11:03:28.163,,,721.4831556950542
2024-12-09 11:03:30.126,98724.91556736542,,
2024-12-09 12:00:31.225,,3850.440875506028,
2024-12-09 12:00:52.227,98010.16158118055,,
2024-12-09 12:03:33.197,,,714.8575407894156
2024-12-09 13:03:40.591,,,724.4888021698101
2024-12-09 13:03:40.703,,3862.8984143460184,
2024-12-09 13:03:40.766,98575.02651875037,,
2024-12-09 14:03:35.643,,3896.1969243047674,
2024-12-09 14:03:37.456,98998.51106740255,,
2024-12-09 14:03:40.135,,,729.115616906495
2024-12-09 15:01:34.021,,,732.5096667692269
2024-12-09 15:03:37.700,,3939.186103784393,
2024-12-09 15:03:38.502,100281.08359623082,,
2024-12-09 16:00:42.547,,,715.4833201392506
2024-12-09 16:03:04.869,97921.48726033418,,
2024-12-09 16:03:21.073,,3824.5422745289375,
2024-12-09 17:03:27.446,,,721.0715517384489
2024-12-09 17:03:29.744,97819.99371823459,,
2024-12-09 17:03:30.309,,3847.8059944259035,
2024-12-09 18:03:36.360,97394.18276855789,,
2024-12-09 18:03:36.597,,3827.162178195337,
2024-12-09 18:03:37.737,,,716.6305270944619
2024-12-09 19:03:28.567,,3837.2429456542945,
2024-12-09 19:03:29.596,,,718.3683201657816
2024-12-09 19:03:30.397,97775.95108101096,,
2024-12-09 20:03:32.324,,,717.5013113283243
2024-12-09 20:03:32.904,97010.6115982201,,
2024-12-09 20:03:33.538,,3797.6481263790624,
2024-12-09 21:03:06.778,,3738.475981395243,
2024-12-09 21:03:31.421,96202.22140258037,,
2024-12-09 21:03:40.909,,,697.5506727815068
2024-12-09 22:01:44.705,,,683.3830259922199
2024-12-09 22:02:30.304,,3707.0149978848576,
2024-12-09 22:02:30.466,96965.94528096775,,
2024-12-09 23:00:38.345,,3717.4244692732677,
2024-12-09 23:03:04.428,96985.94363974527,,
2024-12-09 23:03:40.155,,,679.3415873781727
2024-12-10 00:07:46.434,,3699.614143367287,
2024-12-10 00:08:18.134,,,686.245497034346
2024-12-10 00:08:22.043,97166.10106772359,,
2024-12-10 01:04:53.756,,3768.6856324998193,
2024-12-10 01:05:42.953,97907.09504288543,,
2024-12-10 01:05:43.483,,,697.0374815098654
2024-12-10 02:03:42.201,,3758.11148455776,
2024-12-10 02:03:42.719,,,693.1565191629264
2024-12-10 02:03:42.848,98018.51319323164,,
2024-12-10 03:00:15.608,,3712.825640863147,
2024-12-10 03:03:32.419,,,678.7696859086415
2024-12-10 03:03:42.408,96680.47317623864,,
2024-12-10 04:01:49.947,,,685.8447799000572
2024-12-10 04:02:16.763,,3686.4730884005958,
2024-12-10 04:03:10.301,96957.57996678505,,
2024-12-10 05:00:29.174,97099.22409455535,,
2024-12-10 05:01:19.577,,3707.890172620733,
2024-12-10 05:01:50.184,,,692.3661655321117
2024-12-10 06:03:06.905,96919.17158795733,,
2024-12-10 06:03:31.472,,3703.410047931917,
2024-12-10 06:03:39.766,,,693.8415471273777
2024-12-10 07:01:57.554,,,698.1084172592975
2024-12-10 07:03:40.466,97517.36296729933,,
2024-12-10 07:03:43.971,,3743.157242574444,
2024-12-10 08:02:24.841,97224.46281578214,,
2024-12-10 08:02:33.208,,,692.9874000468104
2024-12-10 08:02:47.596,,3734.4405751853233,
2024-12-10 09:03:31.583,,,695.0733929151991
2024-12-10 09:03:31.773,,3744.006518504839,
2024-12-10 09:03:32.175,97415.12408041043,,
2024-12-10 10:01:42.534,,3752.735658892103,
2024-12-10 10:01:51.956,,,698.7367584964963
2024-12-10 10:01:56.431,97594.0768220482,,
2024-12-10 11:03:33.048,,,701.5003089300166
2024-12-10 11:03:36.527,,3762.408191263078,
2024-12-10 11:03:38.659,97653.62962753898,,
2024-12-10 12:03:44.289,,,698.438763828489
2024-12-10 12:03:44.867,97802.23594364406,,
2024-12-10 12:03:45.658,,3752.8047566401924,
2024-12-10 13:03:40.577,,,681.2105256482547
2024-12-10 13:03:41.767,97101.79603392091,,
2024-12-10 13:03:42.193,,3680.096275892839,
2024-12-10 14:03:44.211,,,687.8539888711862
2024-12-10 14:03:48.026,97779.31233566765,,
2024-12-10 14:03:48.193,,3698.0299161900653,
2024-12-10 15:01:27.462,97693.55695658634,,
2024-12-10 15:03:20.338,,3685.3373134177714,
2024-12-10 15:03:48.161,,,687.7759965282695
2024-12-10 16:00:47.601,95763.4260302165,,
2024-12-10 16:00:56.592,,,657.8634623941178
2024-12-10 16:01:07.448,,3562.4190151344865,
2024-12-10 17:03:34.652,96424.89722261147,,
2024-12-10 17:03:35.929,,3616.2556360049784,
2024-12-10 17:03:43.830,,,669.6836283384337
2024-12-10 18:03:36.766,,,653.8447623020713
2024-12-10 18:03:37.616,94561.73726601216,,
2024-12-10 18:03:38.833,,3538.0740958829956,
2024-12-10 19:03:41.506,,3578.988155671072,
2024-12-10 19:03:41.601,95070.08436228817,,
2024-12-10 19:03:42.473,,,662.0701987871784
2024-12-10 20:03:53.288,,,672.859914281496
2024-12-10 20:03:54.863,95927.68180667266,,
2024-12-10 20:03:55.481,,3627.100460212673,
2024-12-10 21:01:59.343,,3651.9385718486265,
2024-12-10 21:02:57.625,96608.91540144551,,
2024-12-10 21:07:21.855,,,677.8302281054206
2024-12-10 22:03:14.268,,,675.8137981579149
2024-12-10 22:03:44.834,97033.6611743948,,
2024-12-10 22:03:46.054,,3650.5374595855615,
2024-12-10 23:01:02.472,,3641.818366393435,
2024-12-10 23:07:23.131,,,678.2479141642547
2024-12-10 23:07:35.259,97144.5402258447,,
2024-12-11 00:03:36.832,,3627.996591545328,
2024-12-11 00:03:40.045,96643.1319918391,,
2024-12-11 00:03:54.032,,,675.8763935367642
2024-12-11 01:03:31.209,96508.91515321165,,
2024-12-11 01:03:32.032,,3613.022446356462,
2024-12-11 01:03:40.392,,,672.491541791582
2024-12-11 02:03:37.853,95740.9358358451,,
2024-12-11 02:03:39.065,,3570.3410618255402,
2024-12-11 02:03:39.561,,,660.4671409943506
2024-12-11 03:02:01.786,,3643.8291383740884,
2024-12-11 03:03:06.163,97192.62580148017,,
2024-12-11 03:03:47.262,,,676.5773832312892
2024-12-11 04:02:18.822,,3665.252462055447,
2024-12-11 04:03:36.007,97475.07334493665,,
2024-12-11 04:03:52.555,,,679.0642745891233
2024-12-11 05:03:42.787,,,681.5312872609013
2024-12-11 05:03:44.248,,3670.7544973370923,
2024-12-11 05:03:47.037,97576.12120234626,,
2024-12-11 06:03:38.093,,,677.4811064428824
2024-12-11 06:03:44.395,97479.7258169066,,
2024-12-11 06:03:44.403,,3657.1446080663895,
2024-12-11 07:01:06.089,,,681.99714327315
2024-12-11 07:03:46.055,,3676.353300308067,
2024-12-11 07:03:46.627,97725.94367893095,,
2024-12-11 08:03:47.898,,,679.1938668908379
2024-12-11 08:03:49.042,,3656.3867867027357,
2024-12-11 08:03:49.136,97343.92073462378,,
2024-12-11 09:03:13.806,,3696.7201078321527,
2024-12-11 09:03:28.672,98147.68686597412,,
2024-12-11 09:03:42.535,,,687.0293534690898
2024-12-11 10:03:27.748,,3700.970160062639,
2024-12-11 10:03:53.914,98026.8820528448,,
2024-12-11 10:03:54.432,,,688.7681745808189
2024-12-11 11:03:37.862,,3706.722361891161,
2024-12-11 11:03:41.057,,,689.3103821944109
2024-12-11 11:03:45.997,98237.77966498482,,
2024-12-11 12:03:50.031,,,689.1197235787292
2024-12-11 12:03:52.985,,3715.5875943840915,
2024-12-11 12:03:53.839,98341.68482519439,,
2024-12-11 13:03:39.320,,3722.8548211946186,
2024-12-11 13:03:43.550,98191.62238411448,,
2024-12-11 13:03:45.733,,,688.6620646192158
2024-12-11 14:03:45.959,98816.47055771381,,
2024-12-11 14:03:49.000,,,693.3275801766488
2024-12-11 14:03:51.265,,3745.094469764367,
2024-12-11 15:00:23.879,99487.77999735494,,
2024-12-11 15:00:28.195,,3771.4996602522956,
2024-12-11 15:05:42.910,,,693.3107222006304
2024-12-11 16:01:42.722,,3792.503875862112,
2024-12-11 16:01:53.728,100442.00264105592,,
2024-12-11 16:02:22.788,,,696.4059398566736
2024-12-11 17:03:46.329,,3800.0137736428064,
2024-12-11 17:03:46.509,,,696.858951063597
2024-12-11 17:03:47.557,100646.84286491614,,
2024-12-11 18:02:14.428,,,698.5458188504291
2024-12-11 18:02:43.220,,3762.2857634866587,
2024-12-11 18:02:46.101,99807.41436807676,,
2024-12-11 19:00:17.659,,,705.1609602900434
2024-12-11 19:03:39.219,100392.49942471038,,
2024-12-11 19:03:40.568,,3794.6815836232586,
2024-12-11 20:01:07.291,,,708.1823494194018
2024-12-11 20:03:35.009,101228.92240263557,,
2024-12-11 20:03:55.862,,3810.965663727271,
2024-12-11 21:02:45.740,,,706.7007524804559
2024-12-11 21:03:15.231,,3832.0309081401538,
2024-12-11 21:03:32.556,101313.10200152324,,
2024-12-11 22:01:23.011,101646.8874292423,,
2024-12-11 22:01:59.053,,,709.4320031457496
2024-12-11 22:02:23.391,,3834.401554542244,
2024-12-11 23:03:43.421,101270.6379619385,,
2024-12-11 23:03:43.834,,,709.7738701213374
2024-12-11 23:03:43.950,,3831.2099755191966,
2024-12-12 00:03:45.663,,,711.6370166497368
2024-12-12 00:03:46.814,101204.95194576346,,
2024-12-12 00:03:47.102,,3832.648408092089,
2024-12-12 01:02:39.246,,,716.8902261780709
2024-12-12 01:02:57.392,,3820.913166244719,
2024-12-12 01:03:18.149,100846.73305929413,,
2024-12-12 02:03:35.569,,,711.2121873693033
2024-12-12 02:03:44.829,,3809.0367305764257,
2024-12-12 02:03:46.434,100578.25561971699,,
2024-12-12 03:01:10.888,,3833.588772170548,
2024-12-12 03:02:46.284,101960.73234131302,,
2024-12-12 03:02:50.018,,,720.8120717369633
2024-12-12 04:01:08.494,,,718.20793443569
2024-12-12 04:01:51.353,,3930.492605806009,
2024-12-12 04:03:37.465,101057.25491132747,,
2024-12-12 05:03:36.843,100667.9189917492,,
2024-12-12 05:03:38.789,,3904.001159267774,
2024-12-12 05:03:39.172,,,716.5198155349789
2024-12-12 06:03:35.844,,3928.775576843044,
2024-12-12 06:03:35.981,100632.33885893488,,
2024-12-12 06:03:48.732,,,715.9682512783393
2024-12-12 07:04:19.963,100648.25505951614,,
2024-12-12 07:04:20.047,,3934.4563656468395,
2024-12-12 07:04:20.183,,,718.4823140227645
2024-12-12 08:02:35.775,,3908.8541256706653,
2024-12-12 08:03:39.111,100521.73876795317,,
2024-12-12 08:03:42.500,,,715.0235757244498
2024-12-12 09:02:24.728,,3914.400941537561,
2024-12-12 09:03:16.502,101001.90557768264,,
2024-12-12 09:04:03.475,,,719.4951030411569
2024-12-12 10:00:43.422,,,724.5626529957464
2024-12-12 10:01:24.207,,3926.0761219030815,
2024-12-12 10:03:32.949,100874.14577941263,,
2024-12-12 11:06:39.680,100534.11926898496,,
2024-12-12 11:07:22.885,,,718.3555758029316
2024-12-12 11:07:36.230,,3921.8723611032733,
2024-12-12 12:03:41.125,,,713.9483106077165
2024-12-12 12:05:55.868,,3911.658245354203,
2024-12-12 12:07:16.357,100556.70561133545,,
2024-12-12 13:03:33.701,100882.154045816,,
2024-12-12 13:03:41.002,,3950.880822037943,
2024-12-12 13:03:48.545,,,718.0911556332441
2024-12-12 14:02:41.810,,3939.677246685851,
2024-12-12 14:03:01.099,100883.1481854534,,
2024-12-12 14:08:21.089,,,714.0890353161061
2024-12-12 15:03:36.544,,,716.9034267191961
2024-12-12 15:03:41.908,101784.84761745848,,
2024-12-12 15:03:42.111,,3978.6752506595353,
2024-12-12 16:02:01.995,101711.46795969296,,
2024-12-12 16:03:35.037,,,715.4400876152176
2024-12-12 16:03:37.271,,3963.225708304018,
2024-12-12 17:01:47.367,,,718.9268601413756
2024-12-12 17:07:13.153,,3933.8929229345244,
2024-12-12 17:07:24.051,101506.14695275504,,
2024-12-12 18:01:20.591,101441.30683479072,,
2024-12-12 18:02:39.892,,3959.458985197194,
2024-12-12 18:03:42.980,,,718.3754777778693
2024-12-12 19:00:00.200,100962.95303548785,,
2024-12-12 19:01:48.621,,3924.168478322296,
2024-12-12 19:03:42.200,,,718.3847665732759
2024-12-12 20:03:38.015,,,705.3727704255771
2024-12-12 20:03:42.934,,3867.2204524411827,
2024-12-12 20:03:43.712,99491.35763334374,,
2024-12-12 21:01:50.551,,,709.3845901765962
2024-12-12 21:03:36.231,99994.33945566817,,
2024-12-12 21:03:39.791,,3886.5674449993658,
2024-12-12 22:03:39.217,99794.16878396785,,
2024-12-12 22:03:40.108,,,705.4370591101443
2024-12-12 22:03:41.573,,3869.416381971336,
2024-12-12 23:03:43.746,100440.44144022003,,
2024-12-12 23:03:43.990,,3882.8373363806677,
2024-12-12 23:03:44.352,,,707.6308201150765
2024-12-13 00:03:36.981,,,705.8142761937062
2024-12-13 00:03:46.072,100006.33728156584,,
2024-12-13 00:03:46.703,,3881.40597061562,
2024-12-13 01:01:08.310,,3890.324669290847,
2024-12-13 01:03:44.930,100103.33259715106,,
2024-12-13 01:03:47.401,,,709.5298232777993
2024-12-13 02:01:01.522,99361.7584775802,,
2024-12-13 02:01:05.283,,3876.994339392521,
2024-12-13 02:03:46.441,,,703.2920948065757
2024-12-13 03:03:34.763,,3908.9682061678677,
2024-12-13 03:03:35.174,99462.22097286233,,
2024-12-13 03:03:46.498,,,709.2608213772393
2024-12-13 04:03:07.966,99784.77696942778,,
2024-12-13 04:03:12.683,,3932.587297352687,
2024-12-13 04:03:25.385,,,709.1821211030675
2024-12-13 05:00:36.101,100059.66050266018,,
2024-12-13 05:00:42.986,,,707.9843262028653
2024-12-13 05:02:20.805,,3917.4325897153867,
2024-12-13 06:03:33.703,,,707.1466688534249
2024-12-13 06:03:35.728,,3910.7945694868977,
2024-12-13 06:03:37.233,99902.84274836683,,
2024-12-13 07:02:10.498,,,705.3640451169094
2024-12-13 07:03:33.966,,3904.001369612117,
2024-12-13 07:03:39.587,99822.14745393266,,
2024-12-13 08:03:49.431,100158.16571803713,,
2024-12-13 08:03:49.488,,3890.199240557663,
2024-12-13 08:03:49.663,,,702.3467616700522
2024-12-13 09:03:41.136,,,705.9194746356033
2024-12-13 09:03:52.621,100294.03406466289,,
2024-12-13 09:03:53.516,,3899.273968561564,
2024-12-13 10:00:13.417,100170.25111216774,,
2024-12-13 10:01:00.709,,,709.5193570416022
2024-12-13 10:03:15.197,,3888.811986816526,
2024-12-13 11:00:32.371,,,713.4180225561134
2024-12-13 11:01:54.581,100541.58250554636,,
2024-12-13 11:03:42.230,,3904.131044319254,
2024-12-13 12:00:29.777,,,714.813235372146
2024-12-13 12:03:58.737,100381.56384358315,,
2024-12-13 12:04:45.337,,3905.215256415721,
2024-12-13 13:02:48.385,100277.75700155286,,
2024-12-13 13:02:50.676,,3927.2572640049343,
2024-12-13 13:03:42.257,,,718.6771140924379
2024-12-13 14:02:16.433,,3923.659032927614,
2024-12-13 14:03:44.772,100227.37930013504,,
2024-12-13 14:03:48.251,,,715.5668973137109
2024-12-13 15:03:38.380,,,720.3923632117865
2024-12-13 15:03:40.683,101036.43755793893,,
2024-12-13 15:03:42.656,,3948.9105871595207,
2024-12-13 16:03:24.330,,,707.0748275356879
2024-12-13 16:03:42.637,,3884.78379117713,
2024-12-13 16:03:49.780,99971.4251622482,,
2024-12-13 17:01:47.046,100852.68428415606,,
2024-12-13 17:02:30.719,,3915.8035270290743,
2024-12-13 17:08:31.062,,,715.1718968428635
2024-12-13 18:03:43.466,,,719.5172013954912
2024-12-13 18:03:48.890,101744.12465323649,,
2024-12-13 18:03:52.397,,3942.2306594165175,
2024-12-13 19:01:00.714,,,718.2692716307076
2024-12-13 19:01:39.126,,3915.267373549417,
2024-12-13 19:02:24.892,101530.14299816133,,
2024-12-13 20:00:15.889,101668.54231064099,,
2024-12-13 20:00:30.896,,3921.561271981344,
2024-12-13 20:00:56.165,,,726.6606420296334
2024-12-13 21:03:47.052,,3917.912408628705,
2024-12-13 21:03:47.214,101651.52500445163,,
2024-12-13 21:03:48.288,,,727.6015846860167
2024-12-13 22:03:25.229,,3904.7118544216505,
2024-12-13 22:03:34.886,,,725.7852672711498
2024-12-13 22:03:42.158,101369.0542457129,,
2024-12-13 23:03:35.010,,,725.9021057296211
2024-12-13 23:08:19.701,,3901.8360224215435,
2024-12-13 23:08:22.391,101296.08420824334,,
2024-12-14 00:03:40.323,,3907.4296595053356,
2024-12-14 00:03:44.546,101352.22971292294,,
2024-12-14 00:03:55.847,,,726.77223065721
2024-12-14 01:03:36.051,,,726.9771223969614
2024-12-14 01:03:43.070,101395.64804090014,,
2024-12-14 01:03:45.946,,3909.2612987402854,
2024-12-14 02:01:18.502,,3926.786303202915,
2024-12-14 02:03:43.223,,,726.3001191793338
2024-12-14 02:03:47.415,102136.61848405775,,
2024-12-14 03:03:40.527,,,728.1714749894163
2024-12-14 03:03:43.732,102036.62732136024,,
2024-12-14 03:03:50.125,,3911.233812306044,
2024-12-14 04:03:38.402,102122.04698841479,,
2024-12-14 04:03:43.772,,3911.1066992777314,
2024-12-14 04:03:50.394,,,729.827254680327
2024-12-14 05:03:37.036,101667.13197710965,,
2024-12-14 05:03:38.785,,3915.094732666406,
2024-12-14 05:03:42.916,,,728.7778024593313
2024-12-14 06:02:02.548,,,726.7513268029666
2024-12-14 06:04:03.751,,3918.503445524088,
2024-12-14 06:04:04.847,101696.54976423926,,
2024-12-14 07:00:45.947,,3931.1675710052705,
2024-12-14 07:03:43.484,101915.900591155,,
2024-12-14 07:03:43.606,,,727.9109046679658
2024-12-14 08:03:54.257,,,728.5018881768465
2024-12-14 08:03:55.112,101822.03638411197,,
2024-12-14 08:03:55.355,,3923.570888242555,
2024-12-14 09:03:05.621,,,726.0999096271804
2024-12-14 09:03:39.295,,3926.443267891648,
2024-12-14 09:03:39.432,101814.13187474839,,
2024-12-14 10:01:03.707,,,723.4076111931965
2024-12-14 10:02:39.129,101548.1897190403,,
2024-12-14 10:03:46.149,,3913.2617025402005,
2024-12-14 11:00:08.528,,,721.4462668380689
2024-12-14 11:03:51.016,101538.3591750462,,
2024-12-14 11:03:51.954,,3898.030957255578,
2024-12-14 12:01:33.372,101566.6119968529,,
2024-12-14 12:01:33.964,,3896.2908674995215,
2024-12-14 12:03:49.132,,,719.7472290663983
2024-12-14 13:00:36.945,101278.91043965096,,
2024-12-14 13:01:47.942,,,714.2135312140423
2024-12-14 13:03:51.220,,3870.6411878406957,
2024-12-14 14:00:55.798,101140.34510219195,,
2024-12-14 14:02:25.501,,,710.7156159630848
2024-12-14 14:06:54.407,,3874.2063555810964,
2024-12-14 15:03:47.619,,,715.930343614324
2024-12-14 15:03:49.658,,3887.140397844422,
2024-12-14 15:03:50.461,101443.25853282116,,
2024-12-14 16:03:42.984,101599.08062756361,,
2024-12-14 16:03:44.051,,3888.867844989987,
2024-12-14 16:03:45.847,,,715.3472345672672
2024-12-14 17:01:44.767,101608.33037581219,,
2024-12-14 17:03:37.520,,3893.7844930378396,
2024-12-14 17:03:44.560,,,714.3320639431396
2024-12-14 18:02:48.102,,3855.2366363903902,
2024-12-14 18:02:49.037,100919.16552864201,,
2024-12-14 18:03:54.980,,,707.9250373404502
2024-12-14 19:05:47.517,,3833.384155339688,
2024-12-14 19:06:54.144,,,707.2900391992112
2024-12-14 19:07:13.723,100997.51180621373,,
2024-12-14 20:03:41.479,101318.67355588109,,
2024-12-14 20:03:41.847,,3858.524581771277,
2024-12-14 20:03:46.324,,,710.4094392914724
2024-12-14 21:00:46.253,,3833.731883810537,
2024-12-14 21:03:04.014,,,706.2292521244802
2024-12-14 21:03:43.787,100790.18891772504,,
2024-12-14 22:00:00.887,101064.55676623587,,
2024-12-14 22:00:06.650,,3850.2647563743453,
2024-12-14 22:03:54.127,,,710.9237461000569
2024-12-14 23:00:42.370,,3864.4426503145164,
2024-12-14 23:07:53.779,,,713.8922767195788
2024-12-14 23:08:27.628,101064.1258180627,,
2024-12-15 00:01:20.688,,3866.9958020348054,
2024-12-15 00:01:56.694,101393.1996919875,,
2024-12-15 00:03:47.761,,,715.5161153259322
2024-12-15 01:01:35.391,101427.83945003885,,
2024-12-15 01:03:37.696,,,712.1801248176669
2024-12-15 01:03:39.417,,3863.690959109794,
2024-12-15 02:03:11.076,,,717.9742308274047
2024-12-15 02:04:45.674,102138.9954503918,,
2024-12-15 02:04:48.835,,3892.694843380173,
2024-12-15 03:01:57.947,,,716.9075377663255
2024-12-15 03:02:52.695,101795.30509042315,,
2024-12-15 03:02:56.885,,3884.9633768559333,
2024-12-15 04:00:10.465,,3877.4402776172947,
2024-12-15 04:00:35.723,101731.01067173423,,
2024-12-15 04:01:10.043,,,713.521300674074
2024-12-15 05:03:38.588,,,716.2707046710609
2024-12-15 05:03:40.200,,3895.713222925012,
2024-12-15 05:03:41.633,102332.0460693008,,
2024-12-15 06:03:37.830,,3889.9572714143465,
2024-12-15 06:03:38.344,,,714.1250937462391
2024-12-15 06:03:40.321,102106.36927599549,,
2024-12-15 07:01:28.364,,3877.972843411512,
2024-12-15 07:03:46.825,,,711.5807260811334
2024-12-15 07:03:47.737,101760.17058400591,,
2024-12-15 08:00:55.071,,,704.9402176576226
2024-12-15 08:03:40.467,101737.62631414826,,
2024-12-15 08:03:40.776,,3844.6450643063317,
2024-12-15 09:00:59.217,,3863.0085510571766,
2024-12-15 09:02:39.631,101974.94257740684,,
2024-12-15 09:03:18.683,,,710.2622502204109
2024-12-15 10:00:51.831,,3859.9577826713157,
2024-12-15 10:02:27.200,102238.99965639517,,
2024-12-15 10:03:48.106,,,710.9611215725478
2024-12-15 11:01:31.027,102273.93697695846,,
2024-12-15 11:03:39.427,,3865.377021578371,
2024-12-15 11:03:43.857,,,710.9656039585999
2024-12-15 12:03:52.937,,,713.2456517851739
2024-12-15 12:03:54.629,102670.03424860006,,
2024-12-15 12:03:54.652,,3877.460937571593,
2024-12-15 13:00:58.267,,,714.9174461743557
2024-12-15 13:03:41.503,,3883.0292167786497,
2024-12-15 13:03:45.136,102825.18790843466,,
2024-12-15 14:00:19.271,102856.05544534516,,
2024-12-15 14:03:41.949,,,717.7983539326125
2024-12-15 14:03:50.032,,3894.314184011146,
2024-12-15 15:03:46.369,,3900.787404665515,
2024-12-15 15:03:50.596,,,719.7513616301549
2024-12-15 15:03:51.045,102958.85042118382,,
2024-12-15 16:00:49.773,,3893.9007364467525,
2024-12-15 16:04:57.551,102687.43102436465,,
2024-12-15 16:06:03.404,,,715.3645679918097
2024-12-15 17:03:44.530,,3909.7694172792885,
2024-12-15 17:03:44.812,103035.69724768725,,
2024-12-15 17:03:50.401,,,719.7922344777954
2024-12-15 18:01:49.653,,,718.2752528757115
2024-12-15 18:03:46.379,103119.40465508131,,
2024-12-15 18:03:50.045,,3909.551497430079,
2024-12-15 19:00:29.199,103127.79309660214,,
2024-12-15 19:03:49.960,,,718.4814862376447
2024-12-15 19:03:51.789,,3897.241946088606,
2024-12-15 20:00:39.209,,,719.1952261670492
2024-12-15 20:04:57.702,103273.69291451228,,
2024-12-15 20:04:57.741,,3907.102080277675,
2024-12-15 21:01:34.453,,,717.0401064976467
2024-12-15 21:02:34.461,,3894.084123391528,
2024-12-15 21:03:13.159,103114.82662873341,,
2024-12-15 22:03:41.565,102832.69010004963,,
2024-12-15 22:03:44.152,,3855.9605121697905,
2024-12-15 22:03:46.631,,,709.0214748082336
2024-12-15 23:03:40.394,,,713.0603857347912
2024-12-15 23:03:43.200,,3885.551045926304,
2024-12-15 23:03:44.440,103299.66293670298,,
2024-12-16 00:03:41.673,,,722.5581932063777
2024-12-16 00:03:42.367,,3961.3154661802305,
2024-12-16 00:03:43.798,104721.50151808978,,
2024-12-16 01:00:34.875,,,721.5373458237684
2024-12-16 01:04:01.948,105466.77955550037,,
2024-12-16 01:04:02.275,,3991.6321231196184,
2024-12-16 02:03:43.107,105494.26514589906,,
2024-12-16 02:03:45.308,,4005.409950782861,
2024-12-16 02:03:51.653,,,719.5175872840796
2024-12-16 03:03:49.843,,3968.725805908186,
2024-12-16 03:03:50.066,,,712.7567797950007
2024-12-16 03:03:51.423,104539.43711914279,,
2024-12-16 04:03:41.709,,,710.8394671393446
2024-12-16 04:03:43.678,104556.32165668416,,
2024-12-16 04:03:43.687,,3942.4568389205624,
2024-12-16 05:03:46.250,104599.11753946326,,
2024-12-16 05:03:46.990,,3954.2599530922516,
2024-12-16 05:03:47.269,,,712.7385141153268
2024-12-16 06:00:40.536,,,714.2787874995465
2024-12-16 06:03:48.742,,3966.531645597754,
2024-12-16 06:03:48.831,104980.61831687567,,
2024-12-16 07:03:38.383,105064.80127579396,,
2024-12-16 07:03:38.800,,,714.3477891705174
2024-12-16 07:03:38.947,,3956.8394541341067,
2024-12-16 08:00:53.577,104987.11672005488,,
2024-12-16 08:03:54.389,,3972.2674460766257,
2024-12-16 08:04:00.739,,,714.352862699366
2024-12-16 09:03:58.752,104485.50722610675,,
2024-12-16 09:03:59.816,,3951.034081949085,
2024-12-16 09:04:07.106,,,711.4579490218322
2024-12-16 10:02:04.738,,,710.2523951064799
2024-12-16 10:03:39.732,104785.88396917864,,
2024-12-16 10:03:42.804,,3950.0080508188307,
2024-12-16 11:03:02.109,104649.44144650658,,
2024-12-16 11:03:44.052,,,709.6028891542197
2024-12-16 11:03:53.889,,3949.2767193933423,
2024-12-16 12:03:48.882,,,703.6702238383318
2024-12-16 12:03:51.915,,3904.70686697462,
2024-12-16 12:03:52.690,103668.76924235463,,
2024-12-16 13:03:56.431,,3899.7635603930025,
2024-12-16 13:03:56.755,,,708.3515651606474
2024-12-16 13:03:57.126,103569.92156219382,,
2024-12-16 14:01:14.315,,3897.7119310529934,
2024-12-16 14:01:23.754,103873.16095776264,,
2024-12-16 14:01:46.580,,,710.1723185338336
2024-12-16 15:03:49.155,,3930.5032991536555,
2024-12-16 15:03:50.137,,,713.1714603190682
2024-12-16 15:03:52.162,105437.55511016781,,
2024-12-16 16:01:09.262,,3943.4848312955073,
2024-12-16 16:01:13.678,106351.01927429502,,
2024-12-16 16:03:48.945,,,718.8492348052962
2024-12-16 17:03:41.095,,,720.5216390621068
2024-12-16 17:03:53.811,,3960.7267343652265,
2024-12-16 17:03:55.984,106794.3051699627,,
2024-12-16 18:07:56.273,,4038.496806553806,
2024-12-16 18:08:30.402,,,723.9081763192863
2024-12-16 18:08:30.933,106918.82561438138,,
2024-12-16 19:01:23.357,,4078.0934001393143,
2024-12-16 19:01:52.844,106993.98136116777,,
2024-12-16 19:03:55.506,,,727.060076446983
2024-12-16 20:03:53.322,106657.00169847369,,
2024-12-16 20:03:55.537,,,727.9709932883052
2024-12-16 20:03:55.547,,4061.152519278435,
2024-12-16 21:03:53.638,,,724.9026600825559
2024-12-16 21:03:54.986,105987.7408393201,,
2024-12-16 21:04:00.961,,4047.82311859927,
2024-12-16 22:00:34.394,,,726.8866032257146
2024-12-16 22:01:32.367,106138.43917329202,,
2024-12-16 22:01:40.859,,4046.2823416577844,
2024-12-16 23:03:37.145,,,723.9318180376257
2024-12-16 23:03:43.182,105810.63129202551,,
2024-12-16 23:03:44.203,,4030.93598850797,
2024-12-17 00:03:40.309,,3992.5251679537714,
2024-12-17 00:03:48.276,,,721.2140367557655
2024-12-17 00:03:57.860,106090.34824764448,,
2024-12-17 01:01:56.836,105934.65392664201,,
2024-12-17 01:01:57.118,,3959.698568082353,
2024-12-17 01:04:01.645,,,714.7500835424922
2024-12-17 02:00:42.086,,,719.2715823920746
2024-12-17 02:01:17.547,,3990.7994678536525,
2024-12-17 02:06:10.847,106439.64216256216,,
2024-12-17 03:03:38.756,,4010.846700459481,
2024-12-17 03:03:44.890,106244.34686147372,,
2024-12-17 03:06:20.413,,,723.8769675998627
2024-12-17 04:03:53.060,106850.71231638946,,
2024-12-17 04:03:57.346,,,722.6329180937051
2024-12-17 04:03:57.359,,4035.6807468376046,
2024-12-17 05:01:05.921,,,718.8918040335116
2024-12-17 05:02:28.677,106505.73714057312,,
2024-12-17 05:03:13.923,,4006.0031916985427,
2024-12-17 06:08:30.950,106808.00495376455,,
2024-12-17 06:08:31.155,,4024.7851711635626,
2024-12-17 06:08:32.162,,,718.0585346812842
2024-12-17 07:03:43.635,,4009.442727593933,
2024-12-17 07:03:45.353,,,716.654323496409
2024-12-17 07:03:49.653,106552.99936336454,,
2024-12-17 08:02:12.885,,3995.265493843054,
2024-12-17 08:03:40.809,106812.54995693333,,
2024-12-17 08:03:47.827,,,716.0269724642932
2024-12-17 09:02:21.539,,,717.9371738896066
2024-12-17 09:03:52.163,,4011.621364290888,
2024-12-17 09:03:52.257,107385.08539679593,,
2024-12-17 10:00:36.126,,4022.767512135856,
2024-12-17 10:01:22.808,107262.93880856986,,
2024-12-17 10:03:49.002,,,720.45636034506
2024-12-17 11:00:28.758,107057.82114195262,,
2024-12-17 11:01:03.526,,4013.242736277033,
2024-12-17 11:03:54.965,,,721.8515966865635
2024-12-17 12:03:49.933,,,719.6814122961081
2024-12-17 12:03:50.612,,3996.6751796674635,
2024-12-17 12:03:52.384,106759.84150361962,,
2024-12-17 13:01:02.822,,,723.7094543987021
2024-12-17 13:03:50.432,107144.06968293274,,
2024-12-17 13:03:53.229,,4007.042374457913,
2024-12-17 14:02:31.896,107257.65075654878,,
2024-12-17 14:03:09.179,,,723.8098607821818
2024-12-17 14:03:21.903,,4006.861414570999,
2024-12-17 15:03:26.887,,,734.1155812513308
2024-12-17 15:03:44.566,108134.70395538819,,
2024-12-17 15:03:46.320,,4018.662122984253,
2024-12-17 16:02:50.658,,,728.0001292133513
2024-12-17 16:03:40.742,106535.29494891826,,
2024-12-17 16:03:40.775,,3936.1982658630113,
2024-12-17 17:00:42.613,,3950.2970358441944,
2024-12-17 17:01:44.414,,,728.4894914313578
2024-12-17 17:04:01.256,106955.08767754669,,
2024-12-17 18:00:09.610,107473.87402886094,,
2024-12-17 18:00:46.944,,,727.8458017507639
2024-12-17 18:00:56.311,,3980.877181826102,
2024-12-17 19:03:53.037,106620.36859225559,,
2024-12-17 19:03:53.400,,3934.6135643398343,
2024-12-17 19:03:53.785,,,722.6016891719296
2024-12-17 20:02:33.870,,3944.662399925924,
2024-12-17 20:02:40.683,106495.851999691,,
2024-12-17 20:03:47.107,,,723.7748324607659
2024-12-17 21:00:58.374,106867.01636159551,,
2024-12-17 21:00:58.895,,3948.49463560763,
2024-12-17 21:03:56.667,,,729.3447621598867
2024-12-17 22:00:59.227,106437.50654388372,,
2024-12-17 22:03:55.690,,,730.7074696823224
2024-12-17 22:03:57.882,,3932.1712333424634,
2024-12-17 23:03:16.890,,3888.6925433011597,
2024-12-17 23:03:25.541,105991.35725127581,,
2024-12-17 23:04:01.927,,,723.52001649531
2024-12-18 00:00:36.555,,3879.4062240100893,
2024-12-18 00:00:57.453,106034.913402645,,
2024-12-18 00:01:36.465,,,715.6520089733765
2024-12-18 01:03:40.752,,,719.3486442776742
2024-12-18 01:03:47.203,106149.11340029488,,
2024-12-18 01:03:56.102,,3885.596211205649,
2024-12-18 02:02:10.286,,,713.479710849122
2024-12-18 02:03:42.335,,3844.4434297078164,
2024-12-18 02:03:42.698,105190.79206824518,,
2024-12-18 03:02:46.066,105319.25678272374,,
2024-12-18 03:02:53.379,,3867.3500942279225,
2024-12-18 03:03:39.197,,,715.9266738002746
2024-12-18 04:03:41.190,,,711.5126030098687
2024-12-18 04:03:42.486,104741.06291547064,,
2024-12-18 04:03:42.680,,3847.548611064731,
2024-12-18 05:03:38.499,,3834.6080099079923,
2024-12-18 05:03:39.007,103848.14862914359,,
2024-12-18 05:03:46.398,,,706.2819024594565
2024-12-18 06:03:26.438,,,707.5930619315143
2024-12-18 06:03:38.796,,3836.554440214949,
2024-12-18 06:03:51.833,103581.1649173861,,
2024-12-18 07:03:50.796,,3828.729977367969,
2024-12-18 07:03:51.673,,,708.8451232356641
2024-12-18 07:03:53.351,103745.29390075702,,
2024-12-18 08:00:01.181,,3849.2993588273284,
2024-12-18 08:03:37.970,,,713.4329711790782
2024-12-18 08:08:22.837,104220.26262856125,,
2024-12-18 09:03:45.322,,,713.8547718186112
2024-12-18 09:03:45.673,,3843.9946013072604,
2024-12-18 09:03:45.912,103784.92721839932,,
2024-12-18 10:03:37.130,,3868.3217617879204,
2024-12-18 10:03:41.902,104018.51039227222,,
2024-12-18 10:03:51.103,,,716.9126882510616
2024-12-18 11:03:10.847,,3873.4698596392636,
2024-12-18 11:03:43.090,,,716.5895087237343
2024-12-18 11:03:48.452,104503.22403619888,,
2024-12-18 12:02:02.090,,,719.4298222974071
2024-12-18 12:02:09.044,105037.05730308131,,
2024-12-18 12:02:14.255,,3884.6574855011336,
2024-12-18 13:03:50.290,,,716.1518303105692
2024-12-18 13:03:51.280,,3863.0135380603047,
2024-12-18 13:03:52.431,104983.4812916073,,
2024-12-18 14:03:06.462,,,713.8690500341127
2024-12-18 14:07:30.495,,3860.658975351001,
2024-12-18 14:07:46.894,104661.925494947,,
2024-12-18 15:03:51.551,,,708.9600401091258
2024-12-18 15:03:54.033,103821.24917889903,,
2024-12-18 15:03:55.148,,3831.1691486836003,
2024-12-18 16:01:16.381,104432.30722802308,,
2024-12-18 16:02:24.546,,3868.2880284156795,
2024-12-18 16:03:36.066,,,712.797279433881
2024-12-18 17:00:45.402,104094.33900138023,,
2024-12-18 17:01:40.361,,,715.2580773127304
2024-12-18 17:02:17.100,,3871.5047259593443,
2024-12-18 18:00:28.285,,3886.803825774888,
2024-12-18 18:00:33.096,104678.01144932646,,
2024-12-18 18:03:51.296,,,716.4701496377114
2024-12-18 19:03:36.944,,3894.8393441992966,
2024-12-18 19:03:37.487,,,720.0555149237455
2024-12-18 19:03:43.639,104758.83469100454,,
2024-12-18 20:03:36.617,102841.52482177617,,
2024-12-18 20:03:42.880,,,707.7712733114225
2024-12-18 20:03:46.277,,3782.4014263337276,
2024-12-18 21:03:43.630,,3690.938536693438,
2024-12-18 21:03:46.160,100808.59929784118,,
2024-12-18 21:03:49.796,,,694.0947864039133
2024-12-18 22:00:48.235,101086.85581469846,,
2024-12-18 22:01:51.554,,,695.3223872912284
2024-12-18 22:03:06.425,,3688.695654087139,
2024-12-18 23:02:41.056,,,695.6945738923973
2024-12-18 23:03:45.316,101083.02779137746,,
2024-12-18 23:03:48.014,,3679.924120287684,
2024-12-19 00:08:27.646,100590.40674241254,,
2024-12-19 00:08:30.403,,3641.6374478348566,
2024-12-19 00:08:31.227,,,687.8812757513361
2024-12-19 01:02:05.916,,,693.3582144266117
2024-12-19 01:07:34.911,,3640.730390884676,
2024-12-19 01:07:37.156,100600.05164879694,,
2024-12-19 02:07:38.273,,,681.83903435465
2024-12-19 02:08:15.029,99633.64670369614,,
2024-12-19 02:08:16.802,,3603.867787558411,
2024-12-19 03:00:22.696,,,680.7342055001799
2024-12-19 03:03:39.436,,3649.922202959699,
2024-12-19 03:03:40.911,100551.46473680543,,
2024-12-19 04:01:30.556,,,698.6953841762192
2024-12-19 04:03:58.701,101108.11065724379,,
2024-12-19 04:03:59.162,,3665.6694456853297,
2024-12-19 05:02:02.778,,3656.1651424694105,
2024-12-19 05:02:10.062,100726.40114454311,,
2024-12-19 05:03:53.703,,,697.5088320705443
2024-12-19 06:03:42.049,,,703.2467345169736
2024-12-19 06:03:47.123,101258.80387274455,,
2024-12-19 06:03:48.075,,3672.775435622434,
2024-12-19 07:00:49.634,,,702.8419274874054
2024-12-19 07:03:42.717,101127.78439769728,,
2024-12-19 07:03:44.067,,3678.3716893225806,
2024-12-19 08:03:51.802,101633.08154677396,,
2024-12-19 08:03:52.111,,3692.5651215094713,
2024-12-19 08:03:59.844,,,701.9045203251079
2024-12-19 09:02:47.119,,,698.0068264215614
2024-12-19 09:02:52.754,101673.23999436577,,
2024-12-19 09:03:46.315,,3668.6669178609595,
2024-12-19 10:01:04.092,101744.02466948032,,
2024-12-19 10:03:43.949,,,698.6788926950896
2024-12-19 10:03:48.655,,3677.3700008932933,
2024-12-19 11:03:43.212,,3707.0807038258317,
2024-12-19 11:03:45.570,,,701.8249914022199
2024-12-19 11:03:49.410,102392.35475315936,,
2024-12-19 12:00:29.393,,3704.4680822469218,
2024-12-19 12:03:48.060,,,704.1381154081953
2024-12-19 12:03:58.230,102387.29792223322,,
2024-12-19 13:00:27.128,,,697.9402672386808
2024-12-19 13:00:27.796,,3675.8824057768493,
2024-12-19 13:03:54.700,101909.81424970203,,
2024-12-19 14:03:48.013,,3676.4240172217883,
2024-12-19 14:03:52.960,,,699.2239727570305
2024-12-19 14:03:53.949,101863.06927014618,,
2024-12-19 15:01:36.158,101197.40710002492,,
2024-12-19 15:01:39.723,,3649.128077833538,
2024-12-19 15:03:55.753,,,695.9802279470168
2024-12-19 16:03:01.053,,,688.9568433731071
2024-12-19 16:03:47.848,,3609.841757394131,
2024-12-19 16:03:49.233,100551.81801428292,,
2024-12-19 17:02:20.724,100586.34545570784,,
2024-12-19 17:03:44.916,,3613.3927759047438,
2024-12-19 17:03:46.466,,,691.4820008004193
2024-12-19 18:03:45.023,,3478.056311776321,
2024-12-19 18:05:52.396,,,672.3111587946333
2024-12-19 18:07:46.483,98143.20797331037,,
2024-12-19 19:00:56.008,98759.73785158253,,
2024-12-19 19:01:00.254,,3505.442437564731,
2024-12-19 19:01:32.359,,,670.7630042230387
2024-12-19 20:00:23.849,,3400.815944475166,
2024-12-19 20:03:49.499,,,657.1547789729323
2024-12-19 20:03:55.279,97157.32411807193,,
2024-12-19 21:01:52.531,96448.90175250097,,
2024-12-19 21:02:08.890,,3368.514232745682,
2024-12-19 21:02:27.586,,,660.468625036008
2024-12-19 22:00:34.716,97634.61744421945,,
2024-12-19 22:03:45.005,,,669.3842964881643
2024-12-19 22:03:57.342,,3413.397451654389,
2024-12-19 23:03:52.130,98136.51932716771,,
2024-12-19 23:03:52.197,,3450.8205603426563,
2024-12-19 23:03:52.573,,,675.1027423110407
2024-12-20 00:03:48.158,,3434.6754695380805,
2024-12-20 00:03:48.547,97851.35377075805,,
2024-12-20 00:03:48.729,,,669.0228793928828
2024-12-20 01:03:44.840,,,666.9953002523749
2024-12-20 01:03:46.852,,3412.768542009602,
2024-12-20 01:03:47.246,97198.79685094622,,
2024-12-20 02:00:55.965,,,662.5217322559647
2024-12-20 02:01:28.130,,3371.21653467901,
2024-12-20 02:03:14.782,96029.7899967946,,
2024-12-20 03:02:24.942,,,677.581550460974
2024-12-20 03:03:50.978,97516.2050419872,,
2024-12-20 03:03:51.505,,3451.6042336063933,
2024-12-20 04:03:58.150,,,673.6731307007749
2024-12-20 04:03:58.587,97026.85826080089,,
2024-12-20 04:03:59.056,,3411.4753968388923,
2024-12-20 05:00:46.422,,,672.8441573275295
2024-12-20 06:02:08.133,,,670.6715575813863
2024-12-20 06:02:19.519,,3357.01045656615,
2024-12-20 06:02:53.787,96660.24567334302,,
2024-12-20 07:03:54.242,,3360.8581730417823,
2024-12-20 07:03:54.536,,,669.2348822519372
2024-12-20 07:03:56.172,97418.38122056802,,
2024-12-20 08:00:52.745,,,672.0015434889837
2024-12-20 08:03:45.999,,3387.961763791733,
2024-12-20 08:03:47.744,97712.83000438925,,
2024-12-20 09:02:16.378,,3283.272115121036,
2024-12-20 09:03:18.901,95276.01330725009,,
2024-12-20 09:03:50.966,,,644.1629657765334
2024-12-20 10:00:41.663,,,641.9560909116402
2024-12-20 10:03:51.080,,3267.851348986128,
2024-12-20 10:03:53.139,94655.00770823027,,
2024-12-20 11:01:56.911,,,634.0527185268503
2024-12-20 11:03:53.448,,3182.2867745405165,
2024-12-20 11:03:56.271,94192.50465512306,,
2024-12-20 12:02:33.181,92805.75666996102,,
2024-12-20 12:03:29.736,,3114.5678000004355,
2024-12-20 12:03:50.134,,,621.0910948389588
2024-12-20 13:04:03.011,,3235.9703456739076,
2024-12-20 13:04:03.393,,,645.7463945271493
2024-12-20 13:04:03.486,93865.8516499566,,
2024-12-20 14:01:37.841,,,654.1396967237764
2024-12-20 14:03:46.073,95496.08297611057,,
2024-12-20 14:03:46.392,,3293.6651530588515,
2024-12-20 15:03:45.881,,,656.0236228115509
2024-12-20 15:03:56.842,,3327.8482251441096,
2024-12-20 15:03:57.744,95642.32275982088,,
2024-12-20 16:03:47.721,,3366.9119442169485,
2024-12-20 16:03:58.433,96855.10107857324,,
2024-12-20 16:04:02.991,,,664.2869675373042
2024-12-20 17:00:01.353,,3371.9880266542295,
2024-12-20 17:00:35.762,96645.71101759745,,
2024-12-20 17:03:49.295,,,666.8784216341343
2024-12-20 18:03:51.629,,,672.5896479872459
2024-12-20 18:03:52.067,,3437.2093843795724,
2024-12-20 18:03:52.106,97234.75395055958,,
2024-12-20 19:01:09.763,,3435.1644419517347,
2024-12-20 19:02:08.246,97267.9383846706,,
2024-12-20 19:03:56.503,,,670.5376839996434
2024-12-20 20:03:52.858,,3476.1405215774685,
2024-12-20 20:03:53.849,97048.57278195025,,
2024-12-20 20:03:54.321,,,671.5431084827762
2024-12-20 21:06:10.648,,,669.5112685196643
2024-12-20 21:06:36.024,96362.60195226806,,
2024-12-20 21:07:43.268,,3439.0338675677854,
2024-12-20 22:01:09.790,96608.99778118312,,
2024-12-20 22:03:09.045,,,671.9747135084633
2024-12-20 22:03:54.948,,3436.878194769186,
2024-12-20 23:03:53.509,97430.35276861327,,
2024-12-20 23:03:54.645,,3471.857762759152,
2024-12-20 23:03:56.126,,,678.0946177681493
2024-12-21 00:03:47.219,,3468.658920056454,
2024-12-21 00:03:49.174,97691.43431692653,,
2024-12-21 00:04:00.756,,,677.8485768483023
2024-12-21 01:03:46.774,,,680.8945005027401
2024-12-21 01:03:55.414,,3457.810630267266,
2024-12-21 01:03:55.587,97507.84162044193,,
2024-12-21 02:02:28.201,,,685.2100351147498
2024-12-21 02:03:16.665,,3474.6137560696175,
2024-12-21 02:03:35.347,97367.89389041727,,
2024-12-21 03:02:23.621,97359.76640529782,,
2024-12-21 03:02:38.993,,3476.041164861941,
2024-12-21 03:03:56.652,,,683.616344984713
2024-12-21 04:00:32.676,,,680.4190608886214
2024-12-21 04:02:14.791,,3465.191147982774,
2024-12-21 04:02:22.955,97412.50918770437,,
2024-12-21 05:02:51.470,,3479.8487124107833,
2024-12-21 05:03:43.874,97516.5221543344,,
2024-12-21 05:03:53.756,,,684.9775086824133
2024-12-21 06:00:38.048,,,693.3436141312685
2024-12-21 06:00:54.361,,3527.6417240863316,
2024-12-21 06:03:54.868,98661.272804548,,
2024-12-21 07:01:35.635,,,690.1069999384165
2024-12-21 07:01:58.383,,3524.468533584273,
2024-12-21 07:02:21.998,98675.03031457054,,
2024-12-21 08:01:33.491,,,688.8831198330785
2024-12-21 08:03:52.109,,3523.279743721767,
2024-12-21 08:03:52.484,99063.71975920832,,
2024-12-21 09:03:43.831,,3486.411040751585,
2024-12-21 09:03:49.998,98615.89731302514,,
2024-12-21 09:03:54.228,,,683.1229718503291
2024-12-21 10:03:49.834,98538.76505417588,,
2024-12-21 10:03:49.888,,3480.1922093143826,
2024-12-21 10:03:53.092,,,681.5383747872683
2024-12-21 11:03:51.705,98108.60460263013,,
2024-12-21 11:03:52.005,,3461.9682830430565,
2024-12-21 11:06:12.410,,,679.2178684505714
2024-12-21 12:06:29.736,,,676.2497547685974
2024-12-21 12:18:39.000,,3426.7371036454556,
2024-12-21 12:18:45.000,,,674.1418302707084
2024-12-21 12:18:48.000,98059.58146523286,,
